point_id,lat,lon,google_maps,my_label,in_kiln_field,before_label,image_date,basis
121,33.9456,74.845412,"https://www.google.com/maps/@33.9456,74.845412,18z/data=!3m1!1e3",,,,,
122,33.857748,74.94319,"https://www.google.com/maps/@33.857748,74.94319,18z/data=!3m1!1e3",,,,,
123,34.028815,74.65353,"https://www.google.com/maps/@34.028815,74.65353,18z/data=!3m1!1e3",,,,,
124,33.881294,74.957773,"https://www.google.com/maps/@33.881294,74.957773,18z/data=!3m1!1e3",,,,,
125,34.00698,74.683508,"https://www.google.com/maps/@34.00698,74.683508,18z/data=!3m1!1e3",,,,,
126,33.949661,74.847352,"https://www.google.com/maps/@33.949661,74.847352,18z/data=!3m1!1e3",,,,,
127,34.017054,74.611338,"https://www.google.com/maps/@34.017054,74.611338,18z/data=!3m1!1e3",,,,,
128,33.946432,74.862941,"https://www.google.com/maps/@33.946432,74.862941,18z/data=!3m1!1e3",,,,,
129,33.915857,74.862017,"https://www.google.com/maps/@33.915857,74.862017,18z/data=!3m1!1e3",,,,,
130,33.940731,74.84607,"https://www.google.com/maps/@33.940731,74.84607,18z/data=!3m1!1e3",,,,,
131,33.944522,74.848985,"https://www.google.com/maps/@33.944522,74.848985,18z/data=!3m1!1e3",,,,,
132,33.987362,74.972987,"https://www.google.com/maps/@33.987362,74.972987,18z/data=!3m1!1e3",,,,,
133,33.982294,74.778114,"https://www.google.com/maps/@33.982294,74.778114,18z/data=!3m1!1e3",,,,,
134,34.003311,74.629269,"https://www.google.com/maps/@34.003311,74.629269,18z/data=!3m1!1e3",,,,,
135,34.008397,74.611703,"https://www.google.com/maps/@34.008397,74.611703,18z/data=!3m1!1e3",,,,,
136,33.880218,74.986645,"https://www.google.com/maps/@33.880218,74.986645,18z/data=!3m1!1e3",,,,,
137,34.018043,74.672095,"https://www.google.com/maps/@34.018043,74.672095,18z/data=!3m1!1e3",,,,,
138,33.943973,74.842493,"https://www.google.com/maps/@33.943973,74.842493,18z/data=!3m1!1e3",,,,,
139,34.039337,74.643087,"https://www.google.com/maps/@34.039337,74.643087,18z/data=!3m1!1e3",,,,,
140,34.032849,74.645064,"https://www.google.com/maps/@34.032849,74.645064,18z/data=!3m1!1e3",,,,,
141,33.942077,74.841198,"https://www.google.com/maps/@33.942077,74.841198,18z/data=!3m1!1e3",,,,,
142,34.001467,74.646494,"https://www.google.com/maps/@34.001467,74.646494,18z/data=!3m1!1e3",,,,,
143,33.847744,74.962005,"https://www.google.com/maps/@33.847744,74.962005,18z/data=!3m1!1e3",,,,,
144,33.93532,74.846729,"https://www.google.com/maps/@33.93532,74.846729,18z/data=!3m1!1e3",,,,,
145,34.00682,74.920674,"https://www.google.com/maps/@34.00682,74.920674,18z/data=!3m1!1e3",,,,,
146,33.840674,75.100141,"https://www.google.com/maps/@33.840674,75.100141,18z/data=!3m1!1e3",,,,,
147,34.019122,74.671116,"https://www.google.com/maps/@34.019122,74.671116,18z/data=!3m1!1e3",,,,,
148,34.022774,74.62366,"https://www.google.com/maps/@34.022774,74.62366,18z/data=!3m1!1e3",,,,,
149,33.847746,74.969464,"https://www.google.com/maps/@33.847746,74.969464,18z/data=!3m1!1e3",,,,,
150,34.006335,74.6455,"https://www.google.com/maps/@34.006335,74.6455,18z/data=!3m1!1e3",,,,,
151,34.032042,74.646693,"https://www.google.com/maps/@34.032042,74.646693,18z/data=!3m1!1e3",,,,,
152,33.988985,74.974285,"https://www.google.com/maps/@33.988985,74.974285,18z/data=!3m1!1e3",,,,,
153,33.944525,74.850933,"https://www.google.com/maps/@33.944525,74.850933,18z/data=!3m1!1e3",,,,,
154,34.032041,74.646368,"https://www.google.com/maps/@34.032041,74.646368,18z/data=!3m1!1e3",,,,,
155,33.945066,74.850932,"https://www.google.com/maps/@33.945066,74.850932,18z/data=!3m1!1e3",,,,,
156,33.98714,74.650776,"https://www.google.com/maps/@33.98714,74.650776,18z/data=!3m1!1e3",,,,,
157,33.910241,74.736438,"https://www.google.com/maps/@33.910241,74.736438,18z/data=!3m1!1e3",,,,,
158,33.94587,74.844762,"https://www.google.com/maps/@33.94587,74.844762,18z/data=!3m1!1e3",,,,,
159,33.916456,75.068749,"https://www.google.com/maps/@33.916456,75.068749,18z/data=!3m1!1e3",,,,,
160,33.992571,74.775163,"https://www.google.com/maps/@33.992571,74.775163,18z/data=!3m1!1e3",,,,,
161,33.991151,74.977533,"https://www.google.com/maps/@33.991151,74.977533,18z/data=!3m1!1e3",,,,,
162,34.104262,74.556948,"https://www.google.com/maps/@34.104262,74.556948,18z/data=!3m1!1e3",,,,,
163,33.988708,74.950899,"https://www.google.com/maps/@33.988708,74.950899,18z/data=!3m1!1e3",,,,,
164,33.96181,74.68952,"https://www.google.com/maps/@33.96181,74.68952,18z/data=!3m1!1e3",,,,,
165,34.058863,74.659259,"https://www.google.com/maps/@34.058863,74.659259,18z/data=!3m1!1e3",,,,,
166,33.942356,74.84769,"https://www.google.com/maps/@33.942356,74.84769,18z/data=!3m1!1e3",,,,,
167,33.847473,74.962005,"https://www.google.com/maps/@33.847473,74.962005,18z/data=!3m1!1e3",,,,,
168,34.00477,74.666623,"https://www.google.com/maps/@34.00477,74.666623,18z/data=!3m1!1e3",,,,,
169,33.884544,74.970424,"https://www.google.com/maps/@33.884544,74.970424,18z/data=!3m1!1e3",,,,,
170,33.933426,74.846732,"https://www.google.com/maps/@33.933426,74.846732,18z/data=!3m1!1e3",,,,,
171,34.009141,74.682201,"https://www.google.com/maps/@34.009141,74.682201,18z/data=!3m1!1e3",,,,,
172,34.001482,74.765719,"https://www.google.com/maps/@34.001482,74.765719,18z/data=!3m1!1e3",,,,,
173,33.879389,75.066448,"https://www.google.com/maps/@33.879389,75.066448,18z/data=!3m1!1e3",,,,,
174,33.948852,74.849626,"https://www.google.com/maps/@33.948852,74.849626,18z/data=!3m1!1e3",,,,,
175,33.948309,74.848004,"https://www.google.com/maps/@33.948309,74.848004,18z/data=!3m1!1e3",,,,,
176,33.878594,74.985348,"https://www.google.com/maps/@33.878594,74.985348,18z/data=!3m1!1e3",,,,,
177,33.950203,74.848001,"https://www.google.com/maps/@33.950203,74.848001,18z/data=!3m1!1e3",,,,,
178,33.942085,74.84769,"https://www.google.com/maps/@33.942085,74.84769,18z/data=!3m1!1e3",,,,,
179,33.915273,74.827941,"https://www.google.com/maps/@33.915273,74.827941,18z/data=!3m1!1e3",,,,,
180,33.837968,75.101434,"https://www.google.com/maps/@33.837968,75.101434,18z/data=!3m1!1e3",,,,,
181,33.928639,75.053503,"https://www.google.com/maps/@33.928639,75.053503,18z/data=!3m1!1e3",,,,,
182,33.933971,74.849977,"https://www.google.com/maps/@33.933971,74.849977,18z/data=!3m1!1e3",,,,,
183,33.951538,74.693129,"https://www.google.com/maps/@33.951538,74.693129,18z/data=!3m1!1e3",,,,,
184,33.874535,74.978861,"https://www.google.com/maps/@33.874535,74.978861,18z/data=!3m1!1e3",,,,,
185,33.926583,74.792864,"https://www.google.com/maps/@33.926583,74.792864,18z/data=!3m1!1e3",,,,,
186,34.033126,74.647338,"https://www.google.com/maps/@34.033126,74.647338,18z/data=!3m1!1e3",,,,,
187,33.910179,74.86592,"https://www.google.com/maps/@33.910179,74.86592,18z/data=!3m1!1e3",,,,,
188,33.946148,74.85093,"https://www.google.com/maps/@33.946148,74.85093,18z/data=!3m1!1e3",,,,,
189,34.028232,74.639234,"https://www.google.com/maps/@34.028232,74.639234,18z/data=!3m1!1e3",,,,,
190,33.932445,74.744809,"https://www.google.com/maps/@33.932445,74.744809,18z/data=!3m1!1e3",,,,,
191,33.997943,74.754684,"https://www.google.com/maps/@33.997943,74.754684,18z/data=!3m1!1e3",,,,,
192,33.94019,74.846395,"https://www.google.com/maps/@33.94019,74.846395,18z/data=!3m1!1e3",,,,,
193,33.972195,74.933372,"https://www.google.com/maps/@33.972195,74.933372,18z/data=!3m1!1e3",,,,,
194,33.945599,74.844438,"https://www.google.com/maps/@33.945599,74.844438,18z/data=!3m1!1e3",,,,,
195,34.022238,74.625287,"https://www.google.com/maps/@34.022238,74.625287,18z/data=!3m1!1e3",,,,,
196,34.040212,74.665834,"https://www.google.com/maps/@34.040212,74.665834,18z/data=!3m1!1e3",,,,,
197,34.005896,74.682862,"https://www.google.com/maps/@34.005896,74.682862,18z/data=!3m1!1e3",,,,,
198,34.001499,74.65754,"https://www.google.com/maps/@34.001499,74.65754,18z/data=!3m1!1e3",,,,,
199,33.942623,74.845092,"https://www.google.com/maps/@33.942623,74.845092,18z/data=!3m1!1e3",,,,,
200,33.93262,74.851603,"https://www.google.com/maps/@33.93262,74.851603,18z/data=!3m1!1e3",,,,,
201,33.93669,74.861334,"https://www.google.com/maps/@33.93669,74.861334,18z/data=!3m1!1e3",,,,,
202,33.943438,74.847363,"https://www.google.com/maps/@33.943438,74.847363,18z/data=!3m1!1e3",,,,,
203,34.005039,74.665972,"https://www.google.com/maps/@34.005039,74.665972,18z/data=!3m1!1e3",,,,,
204,33.835268,75.093974,"https://www.google.com/maps/@33.835268,75.093974,18z/data=!3m1!1e3",,,,,
205,33.978763,74.770328,"https://www.google.com/maps/@33.978763,74.770328,18z/data=!3m1!1e3",,,,,
206,33.865726,74.80631,"https://www.google.com/maps/@33.865726,74.80631,18z/data=!3m1!1e3",,,,,
207,33.939639,74.83893,"https://www.google.com/maps/@33.939639,74.83893,18z/data=!3m1!1e3",,,,,
208,33.93561,74.862959,"https://www.google.com/maps/@33.93561,74.862959,18z/data=!3m1!1e3",,,,,
209,33.944794,74.849958,"https://www.google.com/maps/@33.944794,74.849958,18z/data=!3m1!1e3",,,,,
210,34.008178,74.929445,"https://www.google.com/maps/@34.008178,74.929445,18z/data=!3m1!1e3",,,,,
211,33.935339,74.862635,"https://www.google.com/maps/@33.935339,74.862635,18z/data=!3m1!1e3",,,,,
212,33.981207,74.775193,"https://www.google.com/maps/@33.981207,74.775193,18z/data=!3m1!1e3",,,,,
213,33.949929,74.845728,"https://www.google.com/maps/@33.949929,74.845728,18z/data=!3m1!1e3",,,,,
214,33.949392,74.848651,"https://www.google.com/maps/@33.949392,74.848651,18z/data=!3m1!1e3",,,,,
215,33.93615,74.861984,"https://www.google.com/maps/@33.93615,74.861984,18z/data=!3m1!1e3",,,,,
216,34.001006,74.802754,"https://www.google.com/maps/@34.001006,74.802754,18z/data=!3m1!1e3",,,,,
217,34.001734,74.645194,"https://www.google.com/maps/@34.001734,74.645194,18z/data=!3m1!1e3",,,,,
218,33.945061,74.847361,"https://www.google.com/maps/@33.945061,74.847361,18z/data=!3m1!1e3",,,,,
219,33.998214,74.755008,"https://www.google.com/maps/@33.998214,74.755008,18z/data=!3m1!1e3",,,,,
220,33.926941,74.853884,"https://www.google.com/maps/@33.926941,74.853884,18z/data=!3m1!1e3",,,,,
221,34.015701,74.709144,"https://www.google.com/maps/@34.015701,74.709144,18z/data=!3m1!1e3",,,,,
222,33.940181,74.839578,"https://www.google.com/maps/@33.940181,74.839578,18z/data=!3m1!1e3",,,,,
223,34.028772,74.638907,"https://www.google.com/maps/@34.028772,74.638907,18z/data=!3m1!1e3",,,,,
224,34.016513,74.709141,"https://www.google.com/maps/@34.016513,74.709141,18z/data=!3m1!1e3",,,,,
225,33.942894,74.845417,"https://www.google.com/maps/@33.942894,74.845417,18z/data=!3m1!1e3",,,,,
226,34.008326,74.681229,"https://www.google.com/maps/@34.008326,74.681229,18z/data=!3m1!1e3",,,,,
227,33.876851,74.82737,"https://www.google.com/maps/@33.876851,74.82737,18z/data=!3m1!1e3",,,,,
228,33.94018,74.838929,"https://www.google.com/maps/@33.94018,74.838929,18z/data=!3m1!1e3",,,,,
229,33.810612,75.130251,"https://www.google.com/maps/@33.810612,75.130251,18z/data=!3m1!1e3",,,,,
230,34.012054,74.776412,"https://www.google.com/maps/@34.012054,74.776412,18z/data=!3m1!1e3",,,,,
231,33.999858,74.765398,"https://www.google.com/maps/@33.999858,74.765398,18z/data=!3m1!1e3",,,,,
232,33.9475,74.850278,"https://www.google.com/maps/@33.9475,74.850278,18z/data=!3m1!1e3",,,,,
233,34.040672,74.637231,"https://www.google.com/maps/@34.040672,74.637231,18z/data=!3m1!1e3",,,,,
234,33.93343,74.849654,"https://www.google.com/maps/@33.93343,74.849654,18z/data=!3m1!1e3",,,,,
235,33.944519,74.846063,"https://www.google.com/maps/@33.944519,74.846063,18z/data=!3m1!1e3",,,,,
236,34.008983,74.918723,"https://www.google.com/maps/@34.008983,74.918723,18z/data=!3m1!1e3",,,,,
237,33.935879,74.86166,"https://www.google.com/maps/@33.935879,74.86166,18z/data=!3m1!1e3",,,,,
238,34.011786,74.659773,"https://www.google.com/maps/@34.011786,74.659773,18z/data=!3m1!1e3",,,,,
239,33.944516,74.84444,"https://www.google.com/maps/@33.944516,74.84444,18z/data=!3m1!1e3",,,,,
240,34.015556,74.653259,"https://www.google.com/maps/@34.015556,74.653259,18z/data=!3m1!1e3",,,,,
