point_id,lat,lon,my_label
1,33.943166,74.846715,kiln_ground
2,33.946687,74.849306,kiln_ground
3,33.946142,74.845735,kiln_ground
4,33.957871,74.982087,built_up
5,33.935052,74.848677,kiln_ground
6,33.935879,74.861985,kiln_ground
7,34.022507,74.624636,built_up
8,33.998481,74.753383,built_up
9,34.024472,74.648674,vegetated
10,33.949121,74.848652,kiln_ground
11,33.912384,74.726695,vegetated
12,34.029592,74.641503,road
13,34.022638,74.670452,bare_other
14,34.009068,74.771221,vegetated
15,33.879135,74.983077,bare_other
16,34.016967,74.674373,vegetated
17,34.006705,74.681885,bare_other
18,34.025467,74.619424,built_up
19,33.936149,74.86101,bare_other
20,33.96869,74.963575,built_up
21,33.996074,74.652689,vegetated
22,33.838502,75.109217,vegetated
23,34.025282,74.64802,vegetated
24,33.819811,75.131237,vegetated
25,33.947493,74.844434,bare_other
26,33.956433,74.703502,vegetated
27,34.014624,74.612974,bare_other
28,34.012599,74.660094,kiln_ground
29,34.005892,74.681563,kiln_ground
30,34.029315,74.639555,bare_other
31,34.027365,74.620715,bare_other
32,34.012471,74.616558,bare_other
33,34.028544,74.653531,road
34,34.094866,74.577811,vegetated
35,33.943439,74.848013,bare_other
36,34.013536,74.709152,road
37,34.004767,74.665323,kiln_ground
38,34.018816,74.65812,bare_other
39,33.989352,74.791413,built_up
40,34.030543,74.69317,bare_other
41,34.029861,74.641177,road
42,33.922581,74.829874,vegetated
43,33.916569,74.791266,vegetated
44,34.008222,74.753679,vegetated
45,33.945331,74.846711,bare_other
46,34.04067,74.636581,vegetated
47,33.944521,74.848335,bare_other
48,33.911968,74.790628,bare_other
49,34.028321,74.670755,bare_other
50,33.940995,74.841524,bare_other
51,34.006069,74.759209,bare_other
52,34.031698,74.621996,vegetated
53,33.870062,74.810841,vegetated
54,33.908282,74.862678,bare_other
55,33.944524,74.850608,bare_other
56,33.990657,74.764774,road
57,33.86087,74.815726,vegetated
58,34.029842,74.634678,vegetated
59,34.014077,74.708825,road
60,34.042197,74.605048,bare_other
61,33.868035,74.954536,vegetated
62,33.947768,74.84833,bare_other
63,33.948034,74.844758,bare_other
64,33.9475,74.850603,bare_other
65,34.029629,74.654502,vegetated
66,34.012952,74.691284,vegetated
67,33.877512,74.983077,bare_other
68,33.91863,75.049927,bare_other
69,34.009335,74.769271,road
70,34.017053,74.611013,bare_other
71,34.008604,74.683827,bare_other
72,34.03339,74.645062,road
73,33.933156,74.847057,bare_other
74,33.885319,75.100193,built_up
75,34.003685,74.665328,bare_other
76,34.008177,74.627948,bare_other
77,34.025113,74.685716,road
78,34.004408,74.973306,bare_other
79,33.880759,74.986321,road
80,33.942886,74.838924,bare_other
81,33.841792,74.965575,road
82,34.032416,74.684714,road
83,34.004572,74.694238,bare_other
84,33.840173,74.986003,bare_other
85,34.017515,74.676971,vegetated
86,34.035352,74.669428,vegetated
87,33.920519,75.059989,built_up
88,33.9766,74.771308,bare_other
89,33.997223,74.806336,built_up
90,34.018278,74.659097,bare_other
91,34.024411,74.627877,road
92,33.998488,74.756956,bare_other
93,33.942087,74.848664,bare_other
94,34.017241,74.675997,vegetated
95,33.94018,74.838604,bare_other
96,33.939643,74.841851,bare_other
97,33.847899,74.827104,vegetated
98,34.007585,74.611381,bare_other
99,33.980508,74.701145,vegetated
100,33.875501,74.829319,vegetated
101,34.026294,74.624294,vegetated
102,33.838821,75.010322,vegetated
103,34.023316,74.623983,bare_other
104,33.968695,74.986632,bare_other
105,33.880756,74.967505,road
106,34.041051,74.585878,vegetated
107,33.988441,74.961293,bare_other
108,34.019393,74.671115,built_up
109,34.028953,74.706824,road
110,34.018045,74.672745,bare_other
111,33.946953,74.845409,bare_other
112,33.932349,74.850954,bare_other
113,33.99201,74.76477,bare_other
114,33.986653,74.794992,built_up
115,33.910447,74.863648,bare_other
116,33.978164,74.978835,road
117,33.947221,74.843785,bare_other
118,34.012329,74.66042,kiln_ground
119,34.036208,74.686325,vegetated
120,34.026009,74.619746,bare_other