point_id,before_label,image_date,basis
1,vegetated,Sept 2014,"orchard, rows of trees"
2,vegetated,Sept 2014,"orchard, rows of trees"
3,vegetated,Sept 2014,"orchard, rows of trees"
5,vegetated,25 May 2014,"scattered tree cover (orchard-like) on dry brown ground; the point falls in a small gap between trees, cleared open ground begins about 100 m to the east"
6,vegetated,Sept 2014,orchard and grass beside a dirt track
7,vegetated,10 Sept 2014,dark green terraced field with bunds
8,not_vegetated,10 Sept 2014,"bare surface at the side of a track, beside a long shed on the airfield; dull brown ground with pale patches, no green cover at the point"
10,vegetated,Sept 2014,"orchard, rows of trees"
12,vegetated,Sept 2014,"green field, clearly inside the field edge; a dirt road and kiln ground lie to the east, clear of the point"
13,vegetated,Sept 2014,orchard block surrounded by kiln ground; a narrow farm track passes at the point
15,vegetated,Sept 2014,"grass, a few metres off the edge of a paved apron"
16,vegetated,Sept 2014,orchard
17,vegetated,June 2013 (Sept 2014 image in cloud shadow),patchwork of small farm plots; the point is at the junction of a green cropped plot and a young orchard plot with bare soil between saplings; no kiln or dug ground nearby
18,vegetated,10 Sept 2014,green terraced field
19,vegetated,Sept 2014,"orchard, trees over open soil"
20,not_vegetated,Sept 2014,"open bare pink-brown plot with no crop or trees, at its edge beside a narrow track; orchard trees stand on the neighbouring plot; no pits or structures on the plot"
21,vegetated,Sept 2014,"green field beside a settlement; thin cloud nearby, point clear"
23,vegetated,10 Sept 2014,"green field; kiln ground lies to the north, well away from the point"
25,vegetated,Sept 2014,"orchard, rows of trees"
27,not_vegetated,10 Sept 2014,"brown dug ground with cut benches and white structures, already kiln ground; green field begins just to the east"
28,vegetated,Sept 2014,green terraced field
29,vegetated,Sept 2014,grass with scattered trees
30,not_vegetated,Sept 2014,brown worked ground with rows of drying bricks directly beside the point; tree cover begins to the east
31,vegetated,10 Sept 2014,"green field, a few metres inside its boundary with kiln ground to the west; edge point"
32,not_vegetated,Sept 2014,brown cut benches inside kiln ground; green terraced field begins to the east and north
33,vegetated,June 2013 (Sept 2014 image under cloud),"intact terraced field plot with bunds, grey-green in a hazy image; the kiln lies to the south-west, clear of the point"
35,vegetated,Sept 2014,"orchard, rows of trees"
36,vegetated,10 Sept 2014,"scattered trees and shrubs on dry brown ground (orchard-like); the point falls among the trees; no dug ground, structures or tracks"
37,vegetated,Sept 2014,"green terraced field; the grey line beside it is a present-day road overlay, not ground in the 2014 image"
38,vegetated,Sept 2014,bright green terraced field; grey lines are the present-day road overlay
39,not_vegetated,Sept 2014,"bare brown worked ground crossed by vehicle tracks, with small structures beside the point; no green cover"
40,vegetated,10 Sept 2014,"green field at a field bund (close zoom); kiln ground begins to the south-west, not at the point"
41,vegetated,10 Sept 2014,green field with bunds; kiln ground lies to the north and west but not at the point
45,vegetated,Sept 2014,"orchard, rows of trees"
46,vegetated,Sept 2014,edge of green terraced fields where they meet a line of trees; field or tree canopy on either side of the point
47,vegetated,Sept 2014,"orchard, rows of trees"
49,vegetated,10 Sept 2014,green field strip between tree cover and an orchard; bare worked ground lies to the south-west but not at the point
50,vegetated,Sept 2014,orchard; a strip of open soil runs beside it
51,vegetated,Sept 2014,rough grass on the airfield beside a narrow dirt track; position checked by the author with the road overlay switched off
54,vegetated,21 Sept 2014,green grass among scattered trees; with the road overlay switched off no track passes through the point
55,vegetated,Sept 2014,"orchard, rows of trees"
56,vegetated,Sept 2014,"rough grass on an island between airfield taxiways; dull brown-green, no bare soil or paving at the point"
59,vegetated,10 Sept 2014,green field with bunds beside a block of trees
60,vegetated,Sept 2014,rough mottled green growth on a strip between the lowest kiln bench and green terraced fields; edge point
62,vegetated,Sept 2014,"orchard, rows of trees"
63,vegetated,Sept 2014,"orchard, rows of trees"
64,vegetated,Sept 2014,"orchard, rows of trees"
65,vegetated,10 Sept 2014,green terraced field with bunds
69,not_vegetated,Sept 2014,"pale bare patch within rough, thin brown-green grass on the airfield, near a track junction; patchy cover, bare at the point"
70,vegetated,June 2013 (Sept 2014 image under cloud),"edge of a green field at its bund, beside a belt of trees; field or tree cover on either side of the point"
71,vegetated,Sept 2014,"open slope, scattered trees over grass; no built or dug ground"
72,vegetated,Sept 2014,"green field with bunds; the pale strip across it is the present-day road overlay, which ends in the middle of the field"
73,vegetated,Sept 2014,orchard between strips of dense trees
75,vegetated,Sept 2014,green terraced field
76,vegetated,June 2013 (Sept 2014 image too hazy),"corner of a green field, just inside its hedge of trees; bare worked ground and brick rows lie west of the hedge"
77,vegetated,10 Sept 2014,"edge of green terraced fields beside a tree line; the kiln lies below the road, not at the point"
78,not_vegetated,21 June 2013,"bare brown soil with no green cover on intact farmland laid out in small gridded bed plots; cultivated ground, not excavated: no pits, structures or tracks"
79,not_vegetated,Sept 2014,"inside a walled compound, on hard ground between buildings"
80,vegetated,Sept 2014,orchard beside a dense tree block
81,vegetated,28 April 2014,"open green grass common crossed by faint footpaths; ponds, a walled compound and a few buildings stand well away from the point"
82,vegetated,Sept 2014,green field at the edge of an existing kiln field
86,vegetated,10 Sept 2014,"green grass field at the foot of dense tree cover; worked ground lies further west, not at the point"
87,not_vegetated,July 2014,"inside a cluster of houses, between rooftops and a lane; trees stand among the houses but the point is on built-up ground; dark image"
88,vegetated,Sept 2014,rough dull-green grass with scattered shrubs; a dirt track curves past well away from the point; thin cloud to the east does not cover the point
89,vegetated,10 Sept 2014,grass and trees on an open patch inside a treatment-works compound; a small structure stands a few metres to the south-east; edge point
90,unclear,10 Sept 2014 and 10 June 2013,"rough uncultivated ground, brown with sparse tufts, in both images; no crop and no green cover, but also no benches, pits or brick rows; dry grass and stripped ground cannot be told apart"
91,vegetated,Sept 2014,"green field with bunds; kiln ground begins to the south, clear of the point; grey lines are the present-day road overlay"
93,vegetated,Sept 2014,"orchard, rows of trees"
95,vegetated,Sept 2014,"orchard, scattered trees over open soil"
96,vegetated,Sept 2014,edge of a dense tree block
98,vegetated,Sept 2014,"terraced field with bunds, in cloud shadow; the same unbroken field is green where it runs into sunlight"
101,vegetated,Sept 2014,"green field with bunds; road and kiln ground lie to the west, clear of the point"
103,vegetated,10 Sept 2014,dark green terraced field with bunds
106,not_vegetated,Sept 2014,pale bare patch at its boundary with a dark mottled strip; bare brown bunded fields to the west and pale bare ground to the east; no green cover anywhere in the frame
108,vegetated,Sept 2014,"orchard, a few metres inside the edge of kiln ground"
109,vegetated,Sept 2014,green grass plot beside rows of orchard trees; road well to the north-west
110,vegetated,Sept 2014,orchard beside kiln ground
111,vegetated,Sept 2014,"orchard, rows of trees"
112,vegetated,Sept 2014,"orchard, trees over open soil"
113,vegetated,Sept 2014,rough grass and low scrub just beyond the end of a paved stub and a wall on the airfield; edge point
114,not_vegetated,10 Sept 2014,"roof edge of a long shed inside a compound of sheds; narrow grass strips run between the sheds, but the point is on the building"
117,vegetated,Sept 2014,"orchard, rows of trees"
118,vegetated,Sept 2014,green terraced field
119,vegetated,Sept 2014,"garden plot with trees beside a dirt track, at the edge of a settlement"
120,vegetated,10 Sept 2014,green terraced field; grey lines are the present-day road overlay
