point_id,lat,lon,google_maps,ai_label,ai_note,my_label
1,33.943166,74.846715,"https://www.google.com/maps/@33.943166,74.846715,18z/data=!3m1!1e3",,,
2,33.946687,74.849306,"https://www.google.com/maps/@33.946687,74.849306,18z/data=!3m1!1e3",,,
3,33.946142,74.845735,"https://www.google.com/maps/@33.946142,74.845735,18z/data=!3m1!1e3",,,
4,33.957871,74.982087,"https://www.google.com/maps/@33.957871,74.982087,18z/data=!3m1!1e3",,,
5,33.935052,74.848677,"https://www.google.com/maps/@33.935052,74.848677,18z/data=!3m1!1e3",,,
6,33.935879,74.861985,"https://www.google.com/maps/@33.935879,74.861985,18z/data=!3m1!1e3",,,
7,34.022507,74.624636,"https://www.google.com/maps/@34.022507,74.624636,18z/data=!3m1!1e3",,,
8,33.998481,74.753383,"https://www.google.com/maps/@33.998481,74.753383,18z/data=!3m1!1e3",,,
9,34.024472,74.648674,"https://www.google.com/maps/@34.024472,74.648674,18z/data=!3m1!1e3",,,
10,33.949121,74.848652,"https://www.google.com/maps/@33.949121,74.848652,18z/data=!3m1!1e3",,,
11,33.912384,74.726695,"https://www.google.com/maps/@33.912384,74.726695,18z/data=!3m1!1e3",,,
12,34.029592,74.641503,"https://www.google.com/maps/@34.029592,74.641503,18z/data=!3m1!1e3",,,
13,34.022638,74.670452,"https://www.google.com/maps/@34.022638,74.670452,18z/data=!3m1!1e3",,,
14,34.009068,74.771221,"https://www.google.com/maps/@34.009068,74.771221,18z/data=!3m1!1e3",,,
15,33.879135,74.983077,"https://www.google.com/maps/@33.879135,74.983077,18z/data=!3m1!1e3",,,
16,34.016967,74.674373,"https://www.google.com/maps/@34.016967,74.674373,18z/data=!3m1!1e3",,,
17,34.006705,74.681885,"https://www.google.com/maps/@34.006705,74.681885,18z/data=!3m1!1e3",,,
18,34.025467,74.619424,"https://www.google.com/maps/@34.025467,74.619424,18z/data=!3m1!1e3",,,
19,33.936149,74.86101,"https://www.google.com/maps/@33.936149,74.86101,18z/data=!3m1!1e3",,,
20,33.96869,74.963575,"https://www.google.com/maps/@33.96869,74.963575,18z/data=!3m1!1e3",,,
21,33.996074,74.652689,"https://www.google.com/maps/@33.996074,74.652689,18z/data=!3m1!1e3",,,
22,33.838502,75.109217,"https://www.google.com/maps/@33.838502,75.109217,18z/data=!3m1!1e3",,,
23,34.025282,74.64802,"https://www.google.com/maps/@34.025282,74.64802,18z/data=!3m1!1e3",,,
24,33.819811,75.131237,"https://www.google.com/maps/@33.819811,75.131237,18z/data=!3m1!1e3",,,
25,33.947493,74.844434,"https://www.google.com/maps/@33.947493,74.844434,18z/data=!3m1!1e3",,,
26,33.956433,74.703502,"https://www.google.com/maps/@33.956433,74.703502,18z/data=!3m1!1e3",,,
27,34.014624,74.612974,"https://www.google.com/maps/@34.014624,74.612974,18z/data=!3m1!1e3",,,
28,34.012599,74.660094,"https://www.google.com/maps/@34.012599,74.660094,18z/data=!3m1!1e3",,,
29,34.005892,74.681563,"https://www.google.com/maps/@34.005892,74.681563,18z/data=!3m1!1e3",,,
30,34.029315,74.639555,"https://www.google.com/maps/@34.029315,74.639555,18z/data=!3m1!1e3",,,
31,34.027365,74.620715,"https://www.google.com/maps/@34.027365,74.620715,18z/data=!3m1!1e3",,,
32,34.012471,74.616558,"https://www.google.com/maps/@34.012471,74.616558,18z/data=!3m1!1e3",,,
33,34.028544,74.653531,"https://www.google.com/maps/@34.028544,74.653531,18z/data=!3m1!1e3",,,
34,34.094866,74.577811,"https://www.google.com/maps/@34.094866,74.577811,18z/data=!3m1!1e3",,,
35,33.943439,74.848013,"https://www.google.com/maps/@33.943439,74.848013,18z/data=!3m1!1e3",,,
36,34.013536,74.709152,"https://www.google.com/maps/@34.013536,74.709152,18z/data=!3m1!1e3",,,
37,34.004767,74.665323,"https://www.google.com/maps/@34.004767,74.665323,18z/data=!3m1!1e3",,,
38,34.018816,74.65812,"https://www.google.com/maps/@34.018816,74.65812,18z/data=!3m1!1e3",,,
39,33.989352,74.791413,"https://www.google.com/maps/@33.989352,74.791413,18z/data=!3m1!1e3",,,
40,34.030543,74.69317,"https://www.google.com/maps/@34.030543,74.69317,18z/data=!3m1!1e3",,,
41,34.029861,74.641177,"https://www.google.com/maps/@34.029861,74.641177,18z/data=!3m1!1e3",,,
42,33.922581,74.829874,"https://www.google.com/maps/@33.922581,74.829874,18z/data=!3m1!1e3",,,
43,33.916569,74.791266,"https://www.google.com/maps/@33.916569,74.791266,18z/data=!3m1!1e3",,,
44,34.008222,74.753679,"https://www.google.com/maps/@34.008222,74.753679,18z/data=!3m1!1e3",,,
45,33.945331,74.846711,"https://www.google.com/maps/@33.945331,74.846711,18z/data=!3m1!1e3",,,
46,34.04067,74.636581,"https://www.google.com/maps/@34.04067,74.636581,18z/data=!3m1!1e3",,,
47,33.944521,74.848335,"https://www.google.com/maps/@33.944521,74.848335,18z/data=!3m1!1e3",,,
48,33.911968,74.790628,"https://www.google.com/maps/@33.911968,74.790628,18z/data=!3m1!1e3",,,
49,34.028321,74.670755,"https://www.google.com/maps/@34.028321,74.670755,18z/data=!3m1!1e3",,,
50,33.940995,74.841524,"https://www.google.com/maps/@33.940995,74.841524,18z/data=!3m1!1e3",,,
51,34.006069,74.759209,"https://www.google.com/maps/@34.006069,74.759209,18z/data=!3m1!1e3",,,
52,34.031698,74.621996,"https://www.google.com/maps/@34.031698,74.621996,18z/data=!3m1!1e3",,,
53,33.870062,74.810841,"https://www.google.com/maps/@33.870062,74.810841,18z/data=!3m1!1e3",,,
54,33.908282,74.862678,"https://www.google.com/maps/@33.908282,74.862678,18z/data=!3m1!1e3",,,
55,33.944524,74.850608,"https://www.google.com/maps/@33.944524,74.850608,18z/data=!3m1!1e3",,,
56,33.990657,74.764774,"https://www.google.com/maps/@33.990657,74.764774,18z/data=!3m1!1e3",,,
57,33.86087,74.815726,"https://www.google.com/maps/@33.86087,74.815726,18z/data=!3m1!1e3",,,
58,34.029842,74.634678,"https://www.google.com/maps/@34.029842,74.634678,18z/data=!3m1!1e3",,,
59,34.014077,74.708825,"https://www.google.com/maps/@34.014077,74.708825,18z/data=!3m1!1e3",,,
60,34.042197,74.605048,"https://www.google.com/maps/@34.042197,74.605048,18z/data=!3m1!1e3",,,
61,33.868035,74.954536,"https://www.google.com/maps/@33.868035,74.954536,18z/data=!3m1!1e3",,,
62,33.947768,74.84833,"https://www.google.com/maps/@33.947768,74.84833,18z/data=!3m1!1e3",,,
63,33.948034,74.844758,"https://www.google.com/maps/@33.948034,74.844758,18z/data=!3m1!1e3",,,
64,33.9475,74.850603,"https://www.google.com/maps/@33.9475,74.850603,18z/data=!3m1!1e3",,,
65,34.029629,74.654502,"https://www.google.com/maps/@34.029629,74.654502,18z/data=!3m1!1e3",,,
66,34.012952,74.691284,"https://www.google.com/maps/@34.012952,74.691284,18z/data=!3m1!1e3",,,
67,33.877512,74.983077,"https://www.google.com/maps/@33.877512,74.983077,18z/data=!3m1!1e3",,,
68,33.91863,75.049927,"https://www.google.com/maps/@33.91863,75.049927,18z/data=!3m1!1e3",,,
69,34.009335,74.769271,"https://www.google.com/maps/@34.009335,74.769271,18z/data=!3m1!1e3",,,
70,34.017053,74.611013,"https://www.google.com/maps/@34.017053,74.611013,18z/data=!3m1!1e3",,,
71,34.008604,74.683827,"https://www.google.com/maps/@34.008604,74.683827,18z/data=!3m1!1e3",,,
72,34.03339,74.645062,"https://www.google.com/maps/@34.03339,74.645062,18z/data=!3m1!1e3",,,
73,33.933156,74.847057,"https://www.google.com/maps/@33.933156,74.847057,18z/data=!3m1!1e3",,,
74,33.885319,75.100193,"https://www.google.com/maps/@33.885319,75.100193,18z/data=!3m1!1e3",,,
75,34.003685,74.665328,"https://www.google.com/maps/@34.003685,74.665328,18z/data=!3m1!1e3",,,
76,34.008177,74.627948,"https://www.google.com/maps/@34.008177,74.627948,18z/data=!3m1!1e3",,,
77,34.025113,74.685716,"https://www.google.com/maps/@34.025113,74.685716,18z/data=!3m1!1e3",,,
78,34.004408,74.973306,"https://www.google.com/maps/@34.004408,74.973306,18z/data=!3m1!1e3",,,
79,33.880759,74.986321,"https://www.google.com/maps/@33.880759,74.986321,18z/data=!3m1!1e3",,,
80,33.942886,74.838924,"https://www.google.com/maps/@33.942886,74.838924,18z/data=!3m1!1e3",,,
81,33.841792,74.965575,"https://www.google.com/maps/@33.841792,74.965575,18z/data=!3m1!1e3",,,
82,34.032416,74.684714,"https://www.google.com/maps/@34.032416,74.684714,18z/data=!3m1!1e3",,,
83,34.004572,74.694238,"https://www.google.com/maps/@34.004572,74.694238,18z/data=!3m1!1e3",,,
84,33.840173,74.986003,"https://www.google.com/maps/@33.840173,74.986003,18z/data=!3m1!1e3",,,
85,34.017515,74.676971,"https://www.google.com/maps/@34.017515,74.676971,18z/data=!3m1!1e3",,,
86,34.035352,74.669428,"https://www.google.com/maps/@34.035352,74.669428,18z/data=!3m1!1e3",,,
87,33.920519,75.059989,"https://www.google.com/maps/@33.920519,75.059989,18z/data=!3m1!1e3",,,
88,33.9766,74.771308,"https://www.google.com/maps/@33.9766,74.771308,18z/data=!3m1!1e3",,,
89,33.997223,74.806336,"https://www.google.com/maps/@33.997223,74.806336,18z/data=!3m1!1e3",,,
90,34.018278,74.659097,"https://www.google.com/maps/@34.018278,74.659097,18z/data=!3m1!1e3",,,
91,34.024411,74.627877,"https://www.google.com/maps/@34.024411,74.627877,18z/data=!3m1!1e3",,,
92,33.998488,74.756956,"https://www.google.com/maps/@33.998488,74.756956,18z/data=!3m1!1e3",,,
93,33.942087,74.848664,"https://www.google.com/maps/@33.942087,74.848664,18z/data=!3m1!1e3",,,
94,34.017241,74.675997,"https://www.google.com/maps/@34.017241,74.675997,18z/data=!3m1!1e3",,,
95,33.94018,74.838604,"https://www.google.com/maps/@33.94018,74.838604,18z/data=!3m1!1e3",,,
96,33.939643,74.841851,"https://www.google.com/maps/@33.939643,74.841851,18z/data=!3m1!1e3",,,
97,33.847899,74.827104,"https://www.google.com/maps/@33.847899,74.827104,18z/data=!3m1!1e3",,,
98,34.007585,74.611381,"https://www.google.com/maps/@34.007585,74.611381,18z/data=!3m1!1e3",,,
99,33.980508,74.701145,"https://www.google.com/maps/@33.980508,74.701145,18z/data=!3m1!1e3",,,
100,33.875501,74.829319,"https://www.google.com/maps/@33.875501,74.829319,18z/data=!3m1!1e3",,,
101,34.026294,74.624294,"https://www.google.com/maps/@34.026294,74.624294,18z/data=!3m1!1e3",,,
102,33.838821,75.010322,"https://www.google.com/maps/@33.838821,75.010322,18z/data=!3m1!1e3",,,
103,34.023316,74.623983,"https://www.google.com/maps/@34.023316,74.623983,18z/data=!3m1!1e3",,,
104,33.968695,74.986632,"https://www.google.com/maps/@33.968695,74.986632,18z/data=!3m1!1e3",,,
105,33.880756,74.967505,"https://www.google.com/maps/@33.880756,74.967505,18z/data=!3m1!1e3",,,
106,34.041051,74.585878,"https://www.google.com/maps/@34.041051,74.585878,18z/data=!3m1!1e3",,,
107,33.988441,74.961293,"https://www.google.com/maps/@33.988441,74.961293,18z/data=!3m1!1e3",,,
108,34.019393,74.671115,"https://www.google.com/maps/@34.019393,74.671115,18z/data=!3m1!1e3",,,
109,34.028953,74.706824,"https://www.google.com/maps/@34.028953,74.706824,18z/data=!3m1!1e3",,,
110,34.018045,74.672745,"https://www.google.com/maps/@34.018045,74.672745,18z/data=!3m1!1e3",,,
111,33.946953,74.845409,"https://www.google.com/maps/@33.946953,74.845409,18z/data=!3m1!1e3",,,
112,33.932349,74.850954,"https://www.google.com/maps/@33.932349,74.850954,18z/data=!3m1!1e3",,,
113,33.99201,74.76477,"https://www.google.com/maps/@33.99201,74.76477,18z/data=!3m1!1e3",,,
114,33.986653,74.794992,"https://www.google.com/maps/@33.986653,74.794992,18z/data=!3m1!1e3",,,
115,33.910447,74.863648,"https://www.google.com/maps/@33.910447,74.863648,18z/data=!3m1!1e3",,,
116,33.978164,74.978835,"https://www.google.com/maps/@33.978164,74.978835,18z/data=!3m1!1e3",,,
117,33.947221,74.843785,"https://www.google.com/maps/@33.947221,74.843785,18z/data=!3m1!1e3",,,
118,34.012329,74.66042,"https://www.google.com/maps/@34.012329,74.66042,18z/data=!3m1!1e3",,,
119,34.036208,74.686325,"https://www.google.com/maps/@34.036208,74.686325,18z/data=!3m1!1e3",,,
120,34.026009,74.619746,"https://www.google.com/maps/@34.026009,74.619746,18z/data=!3m1!1e3",,,
