stratum,terrace_id,points,kiln
A_strict,9,18,14
A_strict,3,3,3
A_strict,10,2,2
A_strict,15,1,0
A_strict,64,1,0
B_drop_only,2,9,0
B_drop_only,11,8,2
B_drop_only,10,7,2
B_drop_only,17,4,1
B_drop_only,1,3,0
B_drop_only,3,3,2
B_drop_only,29,3,2
B_drop_only,31,3,1
B_drop_only,44,3,1
B_drop_only,64,3,2
B_drop_only,23,2,2
B_drop_only,36,2,0
B_drop_only,4,1,0
B_drop_only,5,1,0
B_drop_only,6,1,0
B_drop_only,9,1,1
B_drop_only,15,1,0
B_drop_only,18,1,0
B_drop_only,46,1,0
B_drop_only,50,1,0
B_drop_only,61,1,0
B_drop_only,171,1,0
