stratum,n,stratum_ha,reference_class,hits,share,ci95_low,ci95_high,est_ha,est_ha_low,est_ha_high
A_strict,25,107.01,kiln,19,0.76,0.566,0.885,81.328,60.535,94.708
A_strict,25,107.01,not vegetated,25,1.0,0.867,1.0,107.01,92.757,107.01
A_strict,25,107.01,"built_up or road, not kiln",2,0.08,0.022,0.25,8.561,2.378,26.717
A_strict,25,107.01,"other bare ground, not kiln",4,0.16,0.064,0.347,17.122,6.852,37.083
A_strict,25,107.01,still vegetated,0,0.0,0.0,0.133,0.0,0.0,14.253
A_strict,25,107.01,unclear,0,0.0,0.0,0.133,0.0,0.0,14.253
B_drop_only,60,224.01,kiln,16,0.267,0.171,0.39,59.736,38.379,87.384
B_drop_only,60,224.01,not vegetated,49,0.817,0.701,0.894,182.942,156.986,200.36
B_drop_only,60,224.01,"built_up or road, not kiln",17,0.283,0.185,0.408,63.47,41.457,91.323
B_drop_only,60,224.01,"other bare ground, not kiln",16,0.267,0.171,0.39,59.736,38.379,87.384
B_drop_only,60,224.01,still vegetated,9,0.15,0.081,0.261,33.602,18.139,58.5
B_drop_only,60,224.01,unclear,2,0.033,0.009,0.114,7.467,2.058,25.456
C_not_flagged,35,16999.65,kiln,1,0.029,0.005,0.145,485.704,86.041,2470.629
C_not_flagged,35,16999.65,not vegetated,13,0.371,0.232,0.537,6314.156,3938.072,9122.583
C_not_flagged,35,16999.65,"built_up or road, not kiln",4,0.114,0.045,0.26,1942.817,770.952,4411.714
C_not_flagged,35,16999.65,"other bare ground, not kiln",8,0.229,0.121,0.39,3885.634,2051.133,6632.862
C_not_flagged,35,16999.65,still vegetated,22,0.629,0.463,0.768,10685.494,7877.067,13061.578
C_not_flagged,35,16999.65,unclear,0,0.0,0.0,0.099,0.0,0.0,1681.338
