point_id,stratum,stratum_px,terrace_id,p90_2013_15,p90_2023_25
121,A_strict,1189,9,0.513,0.183
122,C_not_flagged,188885,1,0.712,0.661
123,B_drop_only,2489,31,0.689,0.299
124,C_not_flagged,188885,1,0.513,0.631
125,B_drop_only,2489,29,0.598,0.261
126,A_strict,1189,9,0.61,0.202
127,B_drop_only,2489,44,0.757,0.304
128,B_drop_only,2489,3,0.712,0.318
129,A_strict,1189,3,0.548,0.201
130,A_strict,1189,9,0.672,0.195
131,A_strict,1189,9,0.651,0.173
132,C_not_flagged,188885,7,0.675,0.602
133,C_not_flagged,188885,2,0.449,0.479
134,B_drop_only,2489,126,0.782,0.384
135,B_drop_only,2489,44,0.778,0.313
136,B_drop_only,2489,1,0.731,0.177
137,A_strict,1189,10,0.733,0.222
138,A_strict,1189,9,0.573,0.195
139,B_drop_only,2489,50,0.81,0.285
140,B_drop_only,2489,64,0.771,0.397
141,A_strict,1189,9,0.675,0.197
142,B_drop_only,2489,23,0.784,0.251
143,B_drop_only,2489,1,0.641,0.324
144,A_strict,1189,3,0.677,0.2
145,B_drop_only,2489,52,0.51,0.182
146,C_not_flagged,188885,8,0.815,0.842
147,A_strict,1189,10,0.709,0.228
148,B_drop_only,2489,11,0.789,0.341
149,C_not_flagged,188885,1,0.633,0.722
150,B_drop_only,2489,51,0.718,0.3
151,B_drop_only,2489,64,0.804,0.268
152,C_not_flagged,188885,7,0.598,0.578
153,B_drop_only,2489,9,0.639,0.248
154,B_drop_only,2489,64,0.81,0.276
155,A_strict,1189,9,0.633,0.199
156,B_drop_only,2489,20,0.559,0.299
157,C_not_flagged,188885,74,0.806,0.795
158,A_strict,1189,9,0.579,0.191
159,B_drop_only,2489,5,0.511,0.259
160,B_drop_only,2489,2,0.655,0.263
161,C_not_flagged,188885,7,0.581,0.532
162,B_drop_only,2489,41,0.573,0.292
163,C_not_flagged,188885,120,0.635,0.568
164,C_not_flagged,188885,45,0.806,0.781
165,B_drop_only,2489,75,0.72,0.358
166,A_strict,1189,9,0.627,0.223
167,B_drop_only,2489,1,0.652,0.234
168,B_drop_only,2489,10,0.748,0.295
169,B_drop_only,2489,1,0.554,0.299
170,B_drop_only,2489,3,0.662,0.269
171,B_drop_only,2489,29,0.674,0.377
172,A_strict,1189,2,0.525,0.128
173,C_not_flagged,188885,22,0.704,0.697
174,A_strict,1189,9,0.574,0.191
175,A_strict,1189,9,0.607,0.163
176,B_drop_only,2489,1,0.685,0.242
177,B_drop_only,2489,9,0.595,0.292
178,A_strict,1189,9,0.601,0.221
179,B_drop_only,2489,9,0.64,0.383
180,C_not_flagged,188885,8,0.81,0.765
181,C_not_flagged,188885,5,0.806,0.768
182,A_strict,1189,3,0.442,0.229
183,C_not_flagged,188885,115,0.803,0.698
184,C_not_flagged,188885,1,0.474,0.542
185,B_drop_only,2489,82,0.642,0.363
186,B_drop_only,2489,64,0.78,0.293
187,B_drop_only,2489,3,0.614,0.364
188,A_strict,1189,9,0.638,0.176
189,B_drop_only,2489,64,0.607,0.219
190,B_drop_only,2489,13,0.676,0.357
191,B_drop_only,2489,2,0.605,0.33
192,A_strict,1189,9,0.711,0.181
193,C_not_flagged,188885,4,0.61,0.563
194,A_strict,1189,9,0.551,0.188
195,B_drop_only,2489,11,0.782,0.361
196,B_drop_only,2489,10,0.675,0.276
197,B_drop_only,2489,29,0.62,0.291
198,B_drop_only,2489,10,0.807,0.296
199,B_drop_only,2489,9,0.644,0.317
200,A_strict,1189,3,0.665,0.183
201,B_drop_only,2489,3,0.658,0.229
202,A_strict,1189,9,0.584,0.166
203,B_drop_only,2489,10,0.756,0.249
204,C_not_flagged,188885,8,0.778,0.849
205,B_drop_only,2489,2,0.714,0.274
206,C_not_flagged,188885,38,0.657,0.73
207,A_strict,1189,9,0.643,0.226
208,B_drop_only,2489,3,0.621,0.29
209,A_strict,1189,9,0.649,0.176
210,C_not_flagged,188885,6,0.532,0.473
211,B_drop_only,2489,3,0.661,0.243
212,C_not_flagged,188885,2,0.663,0.617
213,A_strict,1189,9,0.603,0.17
214,A_strict,1189,9,0.586,0.226
215,B_drop_only,2489,3,0.62,0.241
216,C_not_flagged,188885,128,0.193,0.249
217,B_drop_only,2489,23,0.799,0.314
218,A_strict,1189,9,0.602,0.188
219,B_drop_only,2489,2,0.6,0.332
220,C_not_flagged,188885,3,0.623,0.723
221,B_drop_only,2489,15,0.707,0.234
222,B_drop_only,2489,9,0.666,0.233
223,B_drop_only,2489,64,0.724,0.236
224,B_drop_only,2489,15,0.704,0.24
225,A_strict,1189,9,0.619,0.157
226,B_drop_only,2489,29,0.613,0.254
227,C_not_flagged,188885,16,0.651,0.712
228,A_strict,1189,9,0.627,0.21
229,B_drop_only,2489,14,0.566,0.325
230,B_drop_only,2489,2,0.621,0.31
231,A_strict,1189,2,0.406,0.155
232,A_strict,1189,9,0.647,0.198
233,B_drop_only,2489,50,0.78,0.299
234,A_strict,1189,3,0.677,0.216
235,A_strict,1189,9,0.59,0.169
236,C_not_flagged,188885,52,0.606,0.612
237,B_drop_only,2489,3,0.643,0.278
238,B_drop_only,2489,23,0.766,0.278
239,A_strict,1189,9,0.605,0.223
240,B_drop_only,2489,36,0.779,0.251
