terrace_id,area_km2,scarp_frac,in_old_box_share,veg_to_bare_ha,veg_to_bare_pct,lat,lon
9,4.85,0.731,1.0,76.77,15.83,33.93,74.835
3,10.088,0.725,1.0,10.98,1.088,33.924,74.871
10,4.551,0.553,0.0,9.63,2.116,34.022,74.67
57,0.499,0.76,0.0,1.71,3.428,34.019,74.738
15,2.835,0.552,0.0,1.53,0.54,34.016,74.698
2,14.123,0.649,0.951,1.35,0.096,33.998,74.757
64,0.42,0.537,0.0,1.26,2.998,34.032,74.644
17,2.271,0.347,0.0,1.08,0.476,34.034,74.682
29,1.292,0.81,0.0,0.63,0.488,33.997,74.683
1,22.248,0.651,0.669,0.45,0.02,33.87,74.955
23,1.694,0.449,0.0,0.36,0.213,34.002,74.646
98,0.161,0.425,0.0,0.36,2.231,34.046,74.675
102,0.154,0.44,0.0,0.27,1.75,33.996,74.73
52,0.543,0.469,1.0,0.18,0.331,34.007,74.92
132,0.096,0.458,0.0,0.18,1.87,34.055,74.668
31,1.12,0.418,0.0,0.09,0.08,34.022,74.648
21,1.889,0.358,1.0,0.09,0.048,33.9,74.835
40,0.801,0.528,0.0,0.09,0.112,34.005,74.691
12,4.142,0.499,0.0,0.0,0.0,33.97,74.726
11,4.456,0.52,0.0,0.0,0.0,34.025,74.62
20,1.981,0.53,0.0,0.0,0.0,33.99,74.663
19,1.986,0.407,0.0,0.0,0.0,33.977,74.715
18,2.118,0.267,0.0,0.0,0.0,34.047,74.582
16,2.823,0.49,1.0,0.0,0.0,33.885,74.834
13,3.326,0.408,0.0,0.0,0.0,33.92,74.725
14,3.055,0.588,0.0,0.0,0.0,33.808,75.13
25,1.613,0.438,0.0,0.0,0.0,33.985,74.692
26,1.475,0.68,1.0,0.0,0.0,33.897,74.76
28,1.426,0.623,0.0,0.0,0.0,33.84,74.817
27,1.474,0.632,1.0,0.0,0.0,33.915,74.794
30,1.177,0.519,1.0,0.0,0.0,33.862,75.084
32,1.039,0.448,0.0,0.0,0.0,33.979,74.704
33,0.981,0.401,0.0,0.0,0.0,33.962,74.697
34,0.962,0.253,0.966,0.0,0.0,33.858,74.834
22,1.877,0.822,1.0,0.0,0.0,33.879,75.053
24,1.661,0.764,1.0,0.0,0.0,33.897,74.809
36,0.93,0.41,0.0,0.0,0.0,34.018,74.655
35,0.962,0.771,0.932,0.0,0.0,33.855,75.002
38,0.856,0.712,1.0,0.0,0.0,33.869,74.81
37,0.913,0.783,1.0,0.0,0.0,33.928,74.807
41,0.791,0.699,0.0,0.0,0.0,34.106,74.563
42,0.783,0.305,0.0,0.0,0.0,33.96,74.706
43,0.715,0.31,1.0,0.0,0.0,33.887,75.094
39,0.814,0.728,1.0,0.0,0.0,33.899,74.797
44,0.635,0.39,0.0,0.0,0.0,34.01,74.612
45,0.611,0.289,0.0,0.0,0.0,33.966,74.69
47,0.595,0.259,1.0,0.0,0.0,34.03,75.074
4,7.708,0.529,1.0,0.0,0.0,33.973,74.941
8,6.0,0.55,0.0,0.0,0.0,33.837,75.111
7,6.087,0.322,1.0,0.0,0.0,33.988,74.974
5,7.442,0.311,1.0,0.0,0.0,33.918,75.072
6,6.404,0.483,1.0,0.0,0.0,34.01,74.972
51,0.545,0.336,0.0,0.0,0.0,34.001,74.639
50,0.554,0.768,0.0,0.0,0.0,34.038,74.639
49,0.555,0.82,0.0,0.0,0.0,33.841,75.018
48,0.594,0.377,0.0,0.0,0.0,34.02,74.634
46,0.609,0.295,0.0,0.0,0.0,34.036,74.61
56,0.516,0.514,0.0,0.0,0.0,33.997,74.615
55,0.517,0.568,0.084,0.0,0.0,33.847,74.812
58,0.49,0.75,0.946,0.0,0.0,33.854,74.82
60,0.456,0.644,0.0,0.0,0.0,33.998,74.713
61,0.449,0.316,0.0,0.0,0.0,34.009,74.618
62,0.438,0.662,0.0,0.0,0.0,33.804,75.027
63,0.425,0.643,0.0,0.0,0.0,34.141,74.552
65,0.419,0.574,0.0,0.0,0.0,34.003,74.726
66,0.394,0.456,0.0,0.0,0.0,34.1,74.572
59,0.467,0.251,0.0,0.0,0.0,33.992,74.577
53,0.543,0.754,0.0,0.0,0.0,34.059,74.638
69,0.358,0.612,0.0,0.0,0.0,34.023,74.575
70,0.353,0.26,0.0,0.0,0.0,34.062,74.648
71,0.342,0.577,0.0,0.0,0.0,34.033,74.57
72,0.316,0.539,0.0,0.0,0.0,34.0,74.707
73,0.302,0.717,0.0,0.0,0.0,33.832,75.145
74,0.292,0.584,0.0,0.0,0.0,33.909,74.737
75,0.287,0.339,0.0,0.0,0.0,34.056,74.662
76,0.287,0.605,0.0,0.0,0.0,34.147,74.556
77,0.285,0.369,0.0,0.0,0.0,33.819,75.144
78,0.273,0.431,0.0,0.0,0.0,33.947,74.686
79,0.269,0.578,0.0,0.0,0.0,33.826,75.145
80,0.26,0.67,0.0,0.0,0.0,33.985,74.685
81,0.257,0.569,0.0,0.0,0.0,34.036,74.626
82,0.256,0.336,1.0,0.0,0.0,33.928,74.796
67,0.371,0.697,0.0,0.0,0.0,33.82,75.131
54,0.536,0.549,0.0,0.0,0.0,34.084,74.731
84,0.228,0.606,0.0,0.0,0.0,33.952,74.688
83,0.244,0.498,0.0,0.0,0.0,33.903,74.733
87,0.205,0.304,0.0,0.0,0.0,33.946,74.733
85,0.22,0.454,0.0,0.0,0.0,33.992,74.703
89,0.194,0.404,0.0,0.0,0.0,33.828,74.812
90,0.192,0.434,0.0,0.0,0.0,33.982,74.576
91,0.189,0.715,0.0,0.0,0.0,33.982,74.733
86,0.214,0.329,0.0,0.0,0.0,33.905,74.724
92,0.188,0.275,0.0,0.0,0.0,34.096,74.578
93,0.188,0.601,1.0,0.0,0.0,33.86,74.792
95,0.172,0.478,0.0,0.0,0.0,34.104,74.552
94,0.172,0.407,0.0,0.0,0.0,34.007,74.561
96,0.166,0.3,0.0,0.0,0.0,33.914,74.74
97,0.162,0.594,0.262,0.0,0.0,33.85,74.805
99,0.158,0.54,0.0,0.0,0.0,33.988,74.551
88,0.196,0.7,1.0,0.0,0.0,33.857,74.812
100,0.156,0.478,0.0,0.0,0.0,33.987,74.62
101,0.156,0.505,0.927,0.0,0.0,33.852,74.812
103,0.148,0.55,0.0,0.0,0.0,33.983,74.747
104,0.142,0.861,1.0,0.0,0.0,33.871,74.799
105,0.134,0.662,0.102,0.0,0.0,33.849,74.991
106,0.133,0.483,0.0,0.0,0.0,33.974,74.681
107,0.128,0.448,0.0,0.0,0.0,34.029,74.699
108,0.127,0.509,1.0,0.0,0.0,33.886,74.812
109,0.127,0.663,0.0,0.0,0.0,34.076,74.627
110,0.125,0.643,0.0,0.0,0.0,33.992,74.631
111,0.124,0.62,0.0,0.0,0.0,33.955,74.683
112,0.122,0.716,0.0,0.0,0.0,33.993,74.722
113,0.122,0.665,0.0,0.0,0.0,34.048,74.635
114,0.122,0.591,1.0,0.0,0.0,33.919,74.804
115,0.12,0.254,0.0,0.0,0.0,33.952,74.695
68,0.37,0.338,1.0,0.0,0.0,33.925,75.02
116,0.119,0.516,0.0,0.0,0.0,34.101,74.559
117,0.118,0.488,0.0,0.0,0.0,33.991,74.648
119,0.117,0.503,0.0,0.0,0.0,33.993,74.644
118,0.117,0.364,0.0,0.0,0.0,33.947,74.676
121,0.11,0.469,0.0,0.0,0.0,33.826,74.802
122,0.108,0.349,0.0,0.0,0.0,33.836,74.827
123,0.108,0.646,0.0,0.0,0.0,33.992,74.708
120,0.114,0.692,1.0,0.0,0.0,33.989,74.949
124,0.105,0.73,0.0,0.0,0.0,33.825,75.133
125,0.105,0.289,0.0,0.0,0.0,34.103,74.731
127,0.1,0.751,0.0,0.0,0.0,34.053,74.572
126,0.103,0.372,0.0,0.0,0.0,34.0,74.628
128,0.099,0.744,1.0,0.0,0.0,34.002,74.803
129,0.098,0.55,0.0,0.0,0.0,33.993,74.734
130,0.098,0.284,1.0,0.0,0.0,33.854,75.094
131,0.098,0.556,0.0,0.0,0.0,33.977,74.687
133,0.096,0.398,1.0,0.0,0.0,34.025,75.081
134,0.095,0.66,1.0,0.0,0.0,33.867,74.974
135,0.094,0.658,1.0,0.0,0.0,33.865,74.789
136,0.091,0.848,1.0,0.0,0.0,33.935,74.812
137,0.091,0.712,0.0,0.0,0.0,33.908,74.744
138,0.09,0.534,0.0,0.0,0.0,34.122,74.568
139,0.09,0.549,1.0,0.0,0.0,33.881,74.811
140,0.089,0.713,1.0,0.0,0.0,34.017,74.943
141,0.088,0.49,0.0,0.0,0.0,33.994,74.556
142,0.087,0.609,0.0,0.0,0.0,33.987,74.731
143,0.085,0.538,1.0,0.0,0.0,33.864,75.075
144,0.084,0.492,1.0,0.0,0.0,33.886,74.783
145,0.084,0.655,1.0,0.0,0.0,33.885,74.82
146,0.083,0.525,0.0,0.0,0.0,34.009,74.566
147,0.083,0.538,0.0,0.0,0.0,33.985,74.633
148,0.083,0.295,0.0,0.0,0.0,33.837,74.8
149,0.082,0.499,0.0,0.0,0.0,34.034,74.55
150,0.081,0.598,0.0,0.0,0.0,34.003,74.721
151,0.081,0.529,1.0,0.0,0.0,34.003,74.782
152,0.081,0.406,0.0,0.0,0.0,34.012,74.557
153,0.08,0.756,0.0,0.0,0.0,34.044,74.551
154,0.079,0.758,0.0,0.0,0.0,34.071,74.62
155,0.078,0.48,0.0,0.0,0.0,33.989,74.614
156,0.075,0.815,1.0,0.0,0.0,33.894,74.772
157,0.075,0.452,0.0,0.0,0.0,33.99,74.556
158,0.074,0.367,1.0,0.0,0.0,33.952,75.101
159,0.073,0.626,0.0,0.0,0.0,33.884,74.738
160,0.073,0.596,0.0,0.0,0.0,34.12,74.571
161,0.072,0.288,1.0,0.0,0.0,33.946,74.839
162,0.069,0.352,0.0,0.0,0.0,33.802,75.122
163,0.069,0.341,0.0,0.0,0.0,33.945,74.739
164,0.068,0.357,0.0,0.0,0.0,33.899,74.715
165,0.067,0.711,1.0,0.0,0.0,33.858,74.801
166,0.066,0.585,0.0,0.0,0.0,34.007,74.708
167,0.066,0.654,1.0,0.0,0.0,33.912,74.838
168,0.066,0.662,1.0,0.0,0.0,33.882,74.752
169,0.066,0.316,1.0,0.0,0.0,33.862,74.94
170,0.064,0.48,0.0,0.0,0.0,33.828,75.134
171,0.064,0.263,0.0,0.0,0.0,34.03,74.708
172,0.064,0.646,0.0,0.0,0.0,33.97,74.68
173,0.064,0.787,1.0,0.0,0.0,33.859,74.992
174,0.063,0.662,0.0,0.0,0.0,33.993,74.728
175,0.062,0.842,0.0,0.0,0.0,34.05,74.651
176,0.062,0.283,0.0,0.0,0.0,34.013,74.6
177,0.062,0.719,1.0,0.0,0.0,33.879,74.755
178,0.062,0.443,0.0,0.0,0.0,34.01,74.722
179,0.061,0.494,0.0,0.0,0.0,34.044,74.686
180,0.061,0.823,0.0,0.0,0.0,33.867,74.74
