slope_max_deg,hand_min_m,terraces,terrace_km2,strict_ha,strict_pct,strict_pct_other_flat,drop_ha,drop_pct,drop_pct_other_flat,overlap_with_base_terraces,strict_ratio_vs_other_flat,drop_ratio_vs_other_flat
3.0,10.0,120,117.132,95.31,0.814,0.083,224.73,1.919,0.801,0.648,9.765,2.394
3.0,15.0,114,113.588,95.31,0.839,0.078,224.37,1.975,0.747,0.648,10.718,2.646
3.0,20.0,108,106.218,95.22,0.896,0.071,221.4,2.084,0.713,0.606,12.673,2.923
4.0,10.0,198,178.663,108.54,0.608,0.073,335.61,1.878,0.643,0.93,8.377,2.921
4.0,15.0,186,173.901,107.1,0.616,0.071,328.86,1.891,0.576,1.0,8.692,3.281
4.0,20.0,173,165.314,106.92,0.647,0.064,322.02,1.948,0.531,0.945,10.049,3.671
5.0,10.0,223,258.121,119.97,0.465,0.088,421.56,1.633,0.663,0.671,5.303,2.463
5.0,15.0,211,238.768,117.99,0.494,0.083,407.43,1.706,0.553,0.728,5.98,3.087
5.0,20.0,188,220.693,116.28,0.527,0.078,384.3,1.741,0.57,0.73,6.714,3.057
