order,point_id,sample,lat,lon,current_label,check,rule_label,image_date,what_is_seen,confirmed_by_author
1,81,1,33.841792,74.965575,road (inside kiln field: no),"first labelled bare or road, not counted as kiln: inside the worked area of a kiln (rule 2), or outside it?",bare_other,11 June 2026,"open dry ground with patchy grass and faint cleared lines, beside a track, next to the Now Nagri playground and school; no kiln, brick rows or pit anywhere in view",yes
2,15,1,33.879135,74.983077,bare_other (inside kiln field: no),"first labelled bare or road, not counted as kiln: inside the worked area of a kiln (rule 2), or outside it?",road,11 June 2026,"edge of the paved concrete apron of the airfield, beside a small grass patch; no kiln",yes
3,79,1,33.880759,74.986321,road (inside kiln field: no),"first labelled bare or road, not counted as kiln: inside the worked area of a kiln (rule 2), or outside it?",built_up,11 June 2026,"bare yard inside an industrial compound north-east of the airfield, between sheds and round concrete rings or tanks; a stone-crushing and material yard to the east; no brick kiln, brick rows or clay pit",yes
4,54,1,33.908282,74.862678,bare_other (inside kiln field: no),"first labelled bare or road, not counted as kiln: inside the worked area of a kiln (rule 2), or outside it?",bare_other,11 June 2026,"western rim of a large earth excavation (water standing in parts), dry grass and scattered trees to the west; no kiln, chimney or brick rows in view, so the pit is not counted as a kiln clay pit",yes
5,159,2,33.916456,75.068749,"kiln: inside the pale cleared and tracked ground of the kiln field, which has spread north and east over the former tree cover","counted as kiln from its setting: does it meet rule 2 (brick rows, pit or kiln within about 100 m, inside the bunds, nothing in between)?",unclear,"7 Dec 2022 (latest image at this place; winter, dark)",cleared pale ground with looping tracks and cut plots; possible brick rows 100-150 m south but not certain; no kiln visible; no summer image checked,yes
6,95,1,33.94018,74.838604,bare_other (inside kiln field: yes),"first labelled bare or road, counted as kiln one zoom out: does it meet rule 2 (brick rows, pit or kiln within about 100 m, inside the bunds, nothing in between)?",kiln,28 June 2026,inner (yard) edge of the dirt track bounding the Rangeen Kultreh kiln yard on the west; kiln about 100 m south-east; orchard begins outside the track,yes
7,80,1,33.942886,74.838924,bare_other (inside kiln field: no),"first labelled bare or road, not counted as kiln: inside the worked area of a kiln (rule 2), or outside it?",kiln,28 June 2026,"cleared weedy plot inside the kiln field, a row of brick-makers' sheds with dark brick rows 10-20 m west, cut bund to the south, kiln about 250 m south; nothing in between",yes
8,228,2,33.94018,74.838929,kiln: worked ground and sheds at the north end of the kiln yard,"counted as kiln from its setting: does it meet rule 2 (brick rows, pit or kiln within about 100 m, inside the bunds, nothing in between)?",kiln,28 June 2026,"kiln yard among sheds and trucks, kiln about 70 m south",yes
9,207,2,33.939639,74.83893,"kiln: on the edge of the kiln structure, loading yard beside it","counted as kiln from its setting: does it meet rule 2 (brick rows, pit or kiln within about 100 m, inside the bunds, nothing in between)?",kiln,28 June 2026,"loading yard just south of the kiln, trucks around",yes
10,222,2,33.940181,74.839578,kiln: beside a track between the kiln yard and cleared ground with brick-makers' sheds; kiln ground on all sides,"counted as kiln from its setting: does it meet rule 2 (brick rows, pit or kiln within about 100 m, inside the bunds, nothing in between)?",kiln,28 June 2026,"track at the north-east edge of the kiln yard, kiln about 120 m south-west; cleared ground to the north carries brick rows",yes
11,141,2,33.942077,74.841198,"kiln: beside a kiln and its sheds at the south-west end of the kiln field, worked ground around the point","counted as kiln from its setting: does it meet rule 2 (brick rows, pit or kiln within about 100 m, inside the bunds, nothing in between)?",kiln,28 June 2026,"roof of a shed in a small cluster between two kilns, a dark (probably coal) heap beside it, kiln about 80 m north-east, brick rows to the south-east",yes
12,50,1,33.940995,74.841524,bare_other (inside kiln field: yes),"first labelled bare or road, counted as kiln one zoom out: does it meet rule 2 (brick rows, pit or kiln within about 100 m, inside the bunds, nothing in between)?",kiln,28 June 2026,"beside a long brick-drying stack under white plastic sheeting inside the kiln field, more stacks to the west, brick-makers' sheds about 80 m east",yes
13,96,1,33.939643,74.841851,bare_other (inside kiln field: no),"first labelled bare or road, not counted as kiln: inside the worked area of a kiln (rule 2), or outside it?",kiln,28 June 2026,"bare worked plot inside the cut bunds of the large kiln field, a dark brick row about 60 m west, a shed about 80 m south-east; orchard only across the track to the south",yes
14,117,1,33.947221,74.843785,bare_other (inside kiln field: no),"first labelled bare or road, not counted as kiln: inside the worked area of a kiln (rule 2), or outside it?",kiln,28 June 2026,"open yard between brick-drying plots in the Rangeen Kultreh brick field, green-brick rows 10-30 m west and south-east, brick-makers' sheds to the north-east",yes
15,25,1,33.947493,74.844434,bare_other (inside kiln field: yes),"first labelled bare or road, counted as kiln one zoom out: does it meet rule 2 (brick rows, pit or kiln within about 100 m, inside the bunds, nothing in between)?",kiln,28 June 2026,"worked ground at a cut bund on the east edge of the brick-drying plots, brick rows 30-50 m south-west; grass strip only beyond the bund",yes
16,63,1,33.948034,74.844758,bare_other (inside kiln field: yes),"first labelled bare or road, counted as kiln one zoom out: does it meet rule 2 (brick rows, pit or kiln within about 100 m, inside the bunds, nothing in between)?",kiln,28 June 2026,"internal dirt track along a long bund and ditch in the Rangeen Kultreh brick field, brick rows and brick-makers' sheds within 20-40 m on both sides",yes
17,111,1,33.946953,74.845409,bare_other (inside kiln field: no),"first labelled bare or road, not counted as kiln: inside the worked area of a kiln (rule 2), or outside it?",kiln,28 June 2026,"edge of a weedy ditch-and-bund strip that runs between brick-drying plots, green-brick rows 20-30 m north and south, PK2 brick kiln about 200 m south-east; the strip lies inside the brick field",yes
18,213,2,33.949929,74.845728,"kiln: bare levelled ground with vehicle tracks at the north-west corner of the kiln field, brick beds about 100 m to the east","counted as kiln from its setting: does it meet rule 2 (brick rows, pit or kiln within about 100 m, inside the bunds, nothing in between)?",bare_other,28 June 2026,large cleared levelled ground with vehicle tracks; nearest brick rows 120-150 m east and about 120 m south across a bund; a round mark in the middle may be an old kiln base or heap but is not clear; nothing kiln-like within 100 m,yes
19,192,2,33.94019,74.846395,"kiln: kiln yard just south of the same kiln, inside the continuous kiln field","counted as kiln from its setting: does it meet rule 2 (brick rows, pit or kiln within about 100 m, inside the bunds, nothing in between)?",kiln,28 June 2026,"yard just south of 5H Brick Kiln beside a small shed, green-brick rows starting 10-20 m south, kiln about 60 m north",yes
20,45,1,33.945331,74.846711,bare_other (inside kiln field: yes),"first labelled bare or road, counted as kiln one zoom out: does it meet rule 2 (brick rows, pit or kiln within about 100 m, inside the bunds, nothing in between)?",kiln,28 June 2026,"on a dark brick-drying bed, long brick rows beside it, kiln about 150 m west across a track",yes
21,144,2,33.93532,74.846729,"kiln: on a bed of drying bricks inside the kiln field, the kiln itself about 300 m to the south-east","counted as kiln from its setting: does it meet rule 2 (brick rows, pit or kiln within about 100 m, inside the bunds, nothing in between)?",kiln,28 June 2026,"empty worked part of a brick-drying plot, brick rows and a dark drying strip 40-60 m north, more plots east, kiln about 300 m south-east; orchard only across the track and bund to the west",yes
22,73,1,33.933156,74.847057,bare_other (inside kiln field: yes),"first labelled bare or road, counted as kiln one zoom out: does it meet rule 2 (brick rows, pit or kiln within about 100 m, inside the bunds, nothing in between)?",kiln,28 June 2026,"on a thin green-brick row inside a brick-drying plot, dark drying strips north and south; orchard only across the track to the west",yes
23,35,1,33.943439,74.848013,bare_other (inside kiln field: yes),"first labelled bare or road, counted as kiln one zoom out: does it meet rule 2 (brick rows, pit or kiln within about 100 m, inside the bunds, nothing in between)?",kiln,28 June 2026,"worked ground with track marks and a cut gully between two brick-drying blocks, brick rows about 40 m east and 70 m west, Koka kiln about 150 m north-east",yes
24,62,1,33.947768,74.84833,bare_other (inside kiln field: yes),"first labelled bare or road, counted as kiln one zoom out: does it meet rule 2 (brick rows, pit or kiln within about 100 m, inside the bunds, nothing in between)?",kiln,28 June 2026,"worked ground at a track junction inside the kiln yard, kiln about 50 m west, brick rows and sheds 30-60 m south and east",yes
25,47,1,33.944521,74.848335,bare_other (inside kiln field: yes),"first labelled bare or road, counted as kiln one zoom out: does it meet rule 2 (brick rows, pit or kiln within about 100 m, inside the bunds, nothing in between)?",kiln,28 June 2026,"open worked yard north of the Koka kiln, kiln wall and a tarpaulin-covered heap about 60 m south, brick rows about 80 m west, brick-makers' sheds to the east",yes
26,93,1,33.942087,74.848664,bare_other (inside kiln field: yes),"first labelled bare or road, counted as kiln one zoom out: does it meet rule 2 (brick rows, pit or kiln within about 100 m, inside the bunds, nothing in between)?",kiln,28 June 2026,on the south-east edge of the Koka brick kiln (K-11) structure itself,yes
27,234,2,33.93343,74.849654,"kiln: cleared bare ground just south of the track, part of the much larger kiln field (three kilns, brick rows); brick rows a short way east (oblique view)","counted as kiln from its setting: does it meet rule 2 (brick rows, pit or kiln within about 100 m, inside the bunds, nothing in between)?",kiln,28 June 2026,"levelled worked ground at the west edge of a large brick-drying plot, green-brick rows 20-30 m east; orchard only beyond the cut bund to the west",yes
28,64,1,33.9475,74.850603,bare_other (inside kiln field: yes),"first labelled bare or road, counted as kiln one zoom out: does it meet rule 2 (brick rows, pit or kiln within about 100 m, inside the bunds, nothing in between)?",kiln,28 June 2026,"in a brick-drying plot 10-20 m north-east of a white-sheeted brick stack, more stacks and long brick rows around, brick-makers' sheds about 60 m south",yes
29,55,1,33.944524,74.850608,bare_other (inside kiln field: yes),"first labelled bare or road, counted as kiln one zoom out: does it meet rule 2 (brick rows, pit or kiln within about 100 m, inside the bunds, nothing in between)?",kiln,28 June 2026,"internal track through a brick-drying plot, long green-brick rows within 10-20 m on both sides",yes
30,112,1,33.932349,74.850954,bare_other (inside kiln field: yes),"first labelled bare or road, counted as kiln one zoom out: does it meet rule 2 (brick rows, pit or kiln within about 100 m, inside the bunds, nothing in between)?",kiln,28 June 2026,"between long brick-drying strips, brick rows and sheds within 10-30 m, large kiln about 200 m east",yes
31,19,1,33.936149,74.86101,bare_other (inside kiln field: yes),"first labelled bare or road, counted as kiln one zoom out: does it meet rule 2 (brick rows, pit or kiln within about 100 m, inside the bunds, nothing in between)?",kiln,28 June 2026,"edge of brick-drying plots south-west of the kiln, green-brick rows 20-40 m away",yes
32,201,2,33.93669,74.861334,kiln: on the west wall of a large rectangular kiln near the chimney shadow; brick drying rows and sheds to the west,"counted as kiln from its setting: does it meet rule 2 (brick rows, pit or kiln within about 100 m, inside the bunds, nothing in between)?",kiln,28 June 2026,on the west wall of the large rectangular kiln near the chimney,yes
33,215,2,33.93615,74.861984,kiln: worked bare yard just south-east of the same kiln wall; the whole area is now kiln ground,"counted as kiln from its setting: does it meet rule 2 (brick rows, pit or kiln within about 100 m, inside the bunds, nothing in between)?",kiln,28 June 2026,"open yard south-east of the kiln, kiln about 40 m away, sheds and tarp stacks nearby",yes
34,177,2,33.950203,74.848001,"kiln: track junction inside the kiln field, just north-east of a red-roofed shed; brick rows to the north and south","counted as kiln from its setting: does it meet rule 2 (brick rows, pit or kiln within about 100 m, inside the bunds, nothing in between)?",kiln,28 June 2026,"junction of internal tracks by a ditch in the middle of the kiln field, red-roofed shed to the west, shed line to the south-east and brick rows to the north within 30-60 m, kiln about 150 m south",yes
35,88,1,33.9766,74.771308,bare_other (inside kiln field: no),"first labelled bare or road, not counted as kiln: inside the worked area of a kiln (rule 2), or outside it?",bare_other,28 June 2026,"scrubby dug strip at the north-east edge of a concrete taxiway at the airfield, small green shed nearby; no kiln",yes
36,98,1,34.007585,74.611381,bare_other (inside kiln field: no),"first labelled bare or road, not counted as kiln: inside the worked area of a kiln (rule 2), or outside it?",kiln,24 Oct 2022 (latest image at this place),"dug ground at the west edge of the kiln field just east of a track and bund, yellow and white tarp-covered stacks 30-60 m east, small sheds about 60 m north; ploughed fields only across the track",yes
37,76,1,34.008177,74.627948,bare_other (inside kiln field: yes),"first labelled bare or road, counted as kiln one zoom out: does it meet rule 2 (brick rows, pit or kiln within about 100 m, inside the bunds, nothing in between)?",kiln,24 Oct 2022 (latest image at this place),"cut terrace edge just north-east of a large red kiln yard with fired-brick stacks, kiln stacks about 40-60 m south-west; worked cut terraces with small sheds to the east",yes
38,150,2,34.006335,74.6455,"kiln: on cut benches with rows of drying bricks, inside a kiln field; the kiln stands about 150 m to the north-east","counted as kiln from its setting: does it meet rule 2 (brick rows, pit or kiln within about 100 m, inside the bunds, nothing in between)?",kiln,24 Oct 2022 (latest image at this place),"cut bench with many small green-brick rows within 20-50 m west, south-west and north; kiln about 150 m north-east",yes
39,142,2,34.001467,74.646494,kiln: on a cut bench with brick-makers' shelters inside a large kiln field; the kiln stands about 250 m to the north-east,"counted as kiln from its setting: does it meet rule 2 (brick rows, pit or kiln within about 100 m, inside the bunds, nothing in between)?",kiln,24 Oct 2022 (latest image at this place),"cut bench in a large worked field of cut benches, small brick-makers' sheds 40-80 m west and north-east, small brick rows on the bench",yes
40,198,2,34.001499,74.65754,"kiln: at the edge of a worked kiln field: sheds, brick rows and cut bunds to the south, orchard slope to the north, a kiln about 400 m to the north-east; the kiln field reached the point after 2015","counted as kiln from its setting: does it meet rule 2 (brick rows, pit or kiln within about 100 m, inside the bunds, nothing in between)?",kiln,24 Oct 2022 (latest image at this place),"north edge of cut-bench ground by a track, a long striped bund-side row about 50-60 m south-west read as a brick row (image hazy), small sheds 150-200 m away; uncertain",yes
41,75,1,34.003685,74.665328,bare_other (inside kiln field: yes),"first labelled bare or road, counted as kiln one zoom out: does it meet rule 2 (brick rows, pit or kiln within about 100 m, inside the bunds, nothing in between)?",kiln,12 May 2025 (latest image at this place),"top of a cut terrace, two square brick-drying plots and a shed 40-60 m south-west, another shed with dark brick stacks to the west",yes
42,168,2,34.00477,74.666623,"kiln: worked ground just below the kiln yard, inside a kiln field that now covers the terraces","counted as kiln from its setting: does it meet rule 2 (brick rows, pit or kiln within about 100 m, inside the bunds, nothing in between)?",kiln,12 May 2025 (latest image at this place),"worked plot just west of a yellow tarp-covered brick stack (about 10-20 m), large kiln about 60-80 m north-west across a cut bund, sheds and brick rows nearby",yes
43,17,1,34.006705,74.681885,bare_other (inside kiln field: yes),"first labelled bare or road, counted as kiln one zoom out: does it meet rule 2 (brick rows, pit or kiln within about 100 m, inside the bunds, nothing in between)?",kiln,12 May 2025 (latest image at this place),"north-east corner of a large red-earth kiln yard by a cut bund and small structure, fired-brick stacks and sheds 20-60 m south-west, brick-drying plots and yellow stacks to the east, internal track to the north",yes
44,197,2,34.005896,74.682862,"kiln: worked terraces in the southern part of the kiln field, east of the kiln","counted as kiln from its setting: does it meet rule 2 (brick rows, pit or kiln within about 100 m, inside the bunds, nothing in between)?",kiln,12 May 2025 (latest image at this place),"worked dug strip between cut terraces east of the large red kiln yard, brick-makers' sheds 60-80 m west, kiln about 300 m west",yes
45,125,2,34.00698,74.683508,"kiln: beside the track that crosses the kiln field, worked terraces on both sides","counted as kiln from its setting: does it meet rule 2 (brick rows, pit or kiln within about 100 m, inside the bunds, nothing in between)?",kiln,12 May 2025 (latest image at this place),"internal track across the kiln field on a cut bund, yellow and blue tarp stacks and a shed 20-60 m north, cut terraces and dug ground to the south",yes
46,71,1,34.008604,74.683827,bare_other (inside kiln field: no),"first labelled bare or road, not counted as kiln: inside the worked area of a kiln (rule 2), or outside it?",kiln,12 May 2025 (latest image at this place),"dug ground between long brick-drying plots, a small shed with a dark green-brick row 30-40 m south-east, many yellow tarp stacks and sheds 50-80 m west, blue tarp stacks about 80 m east; green ditch to the west lies inside the field",yes
47,51,1,34.006069,74.759209,bare_other (inside kiln field: no),"first labelled bare or road, not counted as kiln: inside the worked area of a kiln (rule 2), or outside it?",road,28 June 2026,paved concrete apron just east of a large arched hangar at the airfield; no kiln,yes
48,113,1,33.99201,74.76477,bare_other (inside kiln field: no),"first labelled bare or road, not counted as kiln: inside the worked area of a kiln (rule 2), or outside it?",bare_other,28 June 2026,"bare earth by the north end of a concrete revetment wall at the airfield, paved apron to the south; no kiln",yes
49,56,1,33.990657,74.764774,road (inside kiln field: no),"first labelled bare or road, not counted as kiln: inside the worked area of a kiln (rule 2), or outside it?",bare_other,28 June 2026,bare ground with scrub and a dirt track between two concrete aprons at the airfield; not on paving; no kiln,yes
50,69,1,34.009335,74.769271,road (inside kiln field: no),"first labelled bare or road, not counted as kiln: inside the worked area of a kiln (rule 2), or outside it?",built_up,28 June 2026,"south edge of a small square walled structure beside a paved road, a round tank and a housing colony nearby; scrub and grass around; no kiln",yes
51,78,1,34.004408,74.973306,bare_other (inside kiln field: no),"first labelled bare or road, not counted as kiln: inside the worked area of a kiln (rule 2), or outside it?",vegetated,11 June 2026,"between rows of a young planted orchard on dry soil, fields and grass around; no kiln, brick rows or pit in view",yes
52,70,1,34.017053,74.611013,bare_other (inside kiln field: unclear),"first labelled bare or road, not counted as kiln: inside the worked area of a kiln (rule 2), or outside it?",kiln,24 Oct 2022 (latest image at this place),"north edge of the cut benches by a track and forest, a deep dug pit (clay pit) about 60 m south-west, the structures near point 127 within about 100 m",yes
53,127,2,34.017054,74.611338,"kiln: terraces cut into stepped benches with fresh vertical faces, a track through them and small shelters on the benches; worked clay ground of a kiln field; the kiln itself is outside the frame; same pattern as at point 135 nearby, where harvested fields beside the worked ground look dark and smooth by contrast","counted as kiln from its setting: does it meet rule 2 (brick rows, pit or kiln within about 100 m, inside the bunds, nothing in between)?",kiln,24 Oct 2022 (latest image at this place),"cut bench of worked ground, two small square structures (sheds or kiln bases) 60-80 m north-east, a deep cut face and small stack about 40 m south",yes
54,27,1,34.014624,74.612974,bare_other (inside kiln field: yes),"first labelled bare or road, counted as kiln one zoom out: does it meet rule 2 (brick rows, pit or kiln within about 100 m, inside the bunds, nothing in between)?",kiln,24 Oct 2022 (latest image at this place),"cut bench, small green-brick rows and small sheds within 20-60 m west (by a track) and south; only cut ground in between",yes
55,32,1,34.012471,74.616558,bare_other (inside kiln field: no),"first labelled bare or road, not counted as kiln: inside the worked area of a kiln (rule 2), or outside it?",kiln,24 Oct 2022 (latest image at this place),"top of a long cut bench of dug ground, small green-brick rows 20-60 m east and sheds 60-80 m north-east; only cut ground in between, the green field lies across the track to the west",yes
56,120,1,34.026009,74.619746,bare_other (inside kiln field: unclear),"first labelled bare or road, not counted as kiln: inside the worked area of a kiln (rule 2), or outside it?",kiln,24 Oct 2022 (latest image at this place),top cut bench of the southern dug terraces between two tracks; the kiln field with yellow and blue tarp stacks and brick-drying plots begins 30-60 m north; only track and dug ground in between,yes
57,31,1,34.027365,74.620715,bare_other (inside kiln field: no),"first labelled bare or road, not counted as kiln: inside the worked area of a kiln (rule 2), or outside it?",kiln,28 July 2026,"dug plot inside the Bandagam kiln field, blue-violet tarp-covered stacks 20-60 m north and south-west, yellow stacks about 80 m east, worked plots around",yes
58,148,2,34.022774,74.62366,"kiln: western edge of tan ground cut into irregular benches, sharply different from the dark smooth harvested fields beside it; part of the same worked ground as point 195, an extension across the gully of the kiln field that stood on the east side in 2014; edge point","counted as kiln from its setting: does it meet rule 2 (brick rows, pit or kiln within about 100 m, inside the bunds, nothing in between)?",bare_other,24 Oct 2022 (latest image at this place),"western edge of the cut-bench ground beside dark harvested fields; no shed, brick row, pit or kiln within 100 m",yes
59,103,1,34.023316,74.623983,bare_other (inside kiln field: no),"first labelled bare or road, not counted as kiln: inside the worked area of a kiln (rule 2), or outside it?",bare_other,24 Oct 2022 (latest image at this place),"northern edge of the cut-bench ground; no shed, brick row, pit or kiln within 100 m",yes
60,195,2,34.022238,74.625287,"kiln: on cut benches of pale worked clay with shelters, sharply different from the dark smooth harvested fields beside them; same pattern as the kiln field across the gully, whose kiln stands about 500 m to the north-east","counted as kiln from its setting: does it meet rule 2 (brick rows, pit or kiln within about 100 m, inside the bunds, nothing in between)?",kiln,24 Oct 2022 (latest image at this place),"cut bench of pale worked clay; a small shed/shelter about 40-60 m east by the track and a dark brick-row-like stack about 70 m north; shelters scattered across the cut benches, blue-tarp sheds about 300 m north-east",yes
61,91,1,34.024411,74.627877,road (inside kiln field: yes),"first labelled bare or road, counted as kiln one zoom out: does it meet rule 2 (brick rows, pit or kiln within about 100 m, inside the bunds, nothing in between)?",kiln,24 Oct 2022 (latest image at this place),"dug stepped bench beside an internal track, large kiln with tarp-covered stacks and a water-filled pit 80-120 m south-east; only dug ground and the track in between",yes
62,189,2,34.028232,74.639234,kiln: the 2014 field is now kiln field: worked bare plots and brick rows just north of ABC brick kiln Charangam,"counted as kiln from its setting: does it meet rule 2 (brick rows, pit or kiln within about 100 m, inside the bunds, nothing in between)?",kiln,28 July 2026,"on a green scrubby ditch strip running between dug brick-drying plots north of ABC Brick Kiln Charangam, plots and small brick rows 20-40 m either side, kiln about 100-120 m south-east, a long shed about 80 m",yes
63,30,1,34.029315,74.639555,bare_other (inside kiln field: yes),"first labelled bare or road, counted as kiln one zoom out: does it meet rule 2 (brick rows, pit or kiln within about 100 m, inside the bunds, nothing in between)?",kiln,28 July 2026,"dug brick-drying plot, a yellow tarp stack 10-20 m south-east, more stacks, drying strips and sheds 30-60 m west; track to the east",yes
64,41,1,34.029861,74.641177,road (inside kiln field: no),"first labelled bare or road, not counted as kiln: inside the worked area of a kiln (rule 2), or outside it?",kiln,28 July 2026,"north-west corner of a brick-drying plot, a line of small square brick stacks 20-40 m away in the plot, track and sheds to the west",yes
65,12,1,34.029592,74.641503,road (inside kiln field: yes),"first labelled bare or road, counted as kiln one zoom out: does it meet rule 2 (brick rows, pit or kiln within about 100 m, inside the bunds, nothing in between)?",kiln,28 July 2026,"dug ground at the west edge of a wide dirt road, worked plots and a tarp 30-60 m west, large kiln about 200 m east across the road; point on the verge, not on the road",yes
66,33,1,34.028544,74.653531,road (inside kiln field: yes),"first labelled bare or road, counted as kiln one zoom out: does it meet rule 2 (brick rows, pit or kiln within about 100 m, inside the bunds, nothing in between)?",kiln,28 July 2026,"just south of the internal track among dug brick-drying plots, a yellow tarp stack about 20 m away, more strips and stacks within 30-60 m, large kiln with chimney about 150 m south-west",yes
67,38,1,34.018816,74.65812,bare_other (inside kiln field: no),"first labelled bare or road, not counted as kiln: inside the worked area of a kiln (rule 2), or outside it?",bare_other,12 May 2025 (latest image at this place),"dug brown stepped ground near a track junction, orchard to the west and a cleared plot across the track to the east; no brick rows, kiln or stacks within 100 m (nearest brick rows about 200 m east)",yes
68,90,1,34.018278,74.659097,bare_other (inside kiln field: no),"first labelled bare or road, not counted as kiln: inside the worked area of a kiln (rule 2), or outside it?",kiln,12 May 2025 (latest image at this place),"beside a small red fired-brick structure (small kiln or brick stack) at the edge of Bonhama village, a similar structure about 60 m north-east, brick-drying strips and long brick rows 30-60 m east",yes
69,238,2,34.011786,74.659773,"kiln: at a track junction inside a new kiln field: rows of drying bricks on the former terraces on both sides, the kiln about 150 m away","counted as kiln from its setting: does it meet rule 2 (brick rows, pit or kiln within about 100 m, inside the bunds, nothing in between)?",bare_other,12 May 2025 (latest image at this place),"edge of a harvested cut-terrace field by a track, round haystacks in the fields; the dark strips nearby are cut terrace faces, not brick rows; kiln about 250 m north-east, houses about 200 m east; nothing kiln-like within 100 m",yes
70,13,1,34.022638,74.670452,bare_other (inside kiln field: yes),"first labelled bare or road, counted as kiln one zoom out: does it meet rule 2 (brick rows, pit or kiln within about 100 m, inside the bunds, nothing in between)?",kiln,12 May 2025 (latest image at this place),"dug bench ground between brick-drying plots, green-brick rows and dark drying strips 10-40 m north-west, a shed and more strips to the south, large kiln about 300 m south",yes
71,49,1,34.028321,74.670755,bare_other (inside kiln field: no),"first labelled bare or road, not counted as kiln: inside the worked area of a kiln (rule 2), or outside it?",kiln,28 July 2026,"dug cropless terraced plot in the middle of the Bandagam kiln field, blue-grey tarp-covered stacks within 30-60 m; a green ditch strip to the west lies inside the field",yes
72,147,2,34.019122,74.671116,"kiln: worked benches of the kiln field, the kiln about 200 m to the north-east; the kiln field has spread south-west over the former orchards","counted as kiln from its setting: does it meet rule 2 (brick rows, pit or kiln within about 100 m, inside the bunds, nothing in between)?",kiln,12 May 2025 (latest image at this place),"deeply cut stepped benches with earth heaps and pits, a track with brick-makers' sheds and stacks about 100 m east, kiln yard with trucks about 200 m north-east; only dug ground in between",yes
73,110,1,34.018045,74.672745,bare_other (inside kiln field: yes),"first labelled bare or road, counted as kiln one zoom out: does it meet rule 2 (brick rows, pit or kiln within about 100 m, inside the bunds, nothing in between)?",kiln,12 May 2025 (latest image at this place),"dug ground just west of an internal track through the kiln field, cut bunds, earth heaps and dark dug pits 40-60 m south (clay pits); brick rows and sheds about 100-130 m east and 120 m north-west",yes
74,77,1,34.025113,74.685716,road (inside kiln field: no),"first labelled bare or road, not counted as kiln: inside the worked area of a kiln (rule 2), or outside it?",kiln,12 May 2025 (latest image at this place),"dirt track leading from the corner of a green field into the kiln field, worked plots with small brick rows and stacks 20-50 m north and east, large kiln about 200 m south; houses and the field lie on the other side",yes
75,109,1,34.028953,74.706824,road (inside kiln field: no),"first labelled bare or road, not counted as kiln: inside the worked area of a kiln (rule 2), or outside it?",road,28 July 2026,"paved west shoulder of a new four-lane highway, grass and scrub to the west; no kiln",yes
76,59,1,34.014077,74.708825,road (inside kiln field: no),"first labelled bare or road, not counted as kiln: inside the worked area of a kiln (rule 2), or outside it?",road,12 May 2025 (latest image at this place),"dug earth at the west edge of the same new road, orchard beginning just west; no kiln",yes
77,36,1,34.013536,74.709152,road (inside kiln field: no),"first labelled bare or road, not counted as kiln: inside the worked area of a kiln (rule 2), or outside it?",road,12 May 2025 (latest image at this place),"unpaved surface of a wide new road or highway under construction; no kiln, brick rows or stacks",yes
78,60,1,34.042197,74.605048,bare_other (inside kiln field: no),"first labelled bare or road, not counted as kiln: inside the worked area of a kiln (rule 2), or outside it?",bare_other,28 July 2026,"west edge of a cleared cropless rectangular plot bounded by green scrub bunds, among similar plots; no brick rows, kiln or tarp stacks within 100 m (an unclear round dark mark in the plot to the west; sheds about 300 m north-west)",yes
79,233,2,34.040672,74.637231,"kiln: worked bare dry ground about 50 m north-west of a large rectangular kiln, with tracks, cut bunds and sheds to the south-west; the green terrace is now kiln ground","counted as kiln from its setting: does it meet rule 2 (brick rows, pit or kiln within about 100 m, inside the bunds, nothing in between)?",kiln,28 July 2026,"stripped former terrace with truck tracks and weed regrowth about 50-60 m north-west of a large new kiln, just outside the ring track and bund around the kiln; nothing but that track in between",yes
80,139,2,34.039337,74.643087,"kiln: cleared tan ground beside covered stacks, about 100 m west of a new kiln; the former terraces are stripped, with weeds regrowing in patches; in July the paddy fields next to it are bright green","counted as kiln from its setting: does it meet rule 2 (brick rows, pit or kiln within about 100 m, inside the bunds, nothing in between)?",kiln,28 July 2026,"cleared ground with weeds regrowing, a tarp-covered stack, pink material and sheds 30-60 m south, new kiln about 120-150 m east; scrubby ground only in between",yes
81,72,1,34.03339,74.645062,road (inside kiln field: no),"first labelled bare or road, not counted as kiln: inside the worked area of a kiln (rule 2), or outside it?",kiln,28 July 2026,"worked strip just north of an internal truck track in the kiln field, earth heaps and a tarp-covered stack 30-60 m north, shed line with blue tarp about 80 m south-east; scrub to the west lies inside the field",yes
82,140,2,34.032849,74.645064,"kiln: inside the kiln field on worked, cropless terraces: rows of drying bricks, tarp-covered stacks and sheds around the point, a track across the field; in the image of 10 May 2023 the point was still a green-brown field beside an orchard, so the kiln field reached it between May 2023 and July 2026","counted as kiln from its setting: does it meet rule 2 (brick rows, pit or kiln within about 100 m, inside the bunds, nothing in between)?",kiln,28 July 2026,"worked terraced ground inside the kiln field, tarp-covered brick stacks and sheds within 30-60 m, a track and shed line to the north-west; no field, house or road in between",yes
83,154,2,34.032041,74.646368,"kiln: worked bare ground and brick beds in the middle of the kiln field, rectangular plots with blue-grey tarps and tracks on all sides, no crop in July while the neighbouring field is green; in the image of 10 May 2023 the point was still a green terraced field south of the track, so the kiln field reached it between May 2023 and July 2026","counted as kiln from its setting: does it meet rule 2 (brick rows, pit or kiln within about 100 m, inside the bunds, nothing in between)?",kiln,28 July 2026,"worked plot in the middle of the Bandagam-Batapora kiln field, tarp-covered brick stacks and worked rectangular plots within 30-60 m on all sides; a weedy ditch strip runs about 40 m south-east inside the field",yes
84,196,2,34.040212,74.665834,"kiln: bare tan worked ground just inside the western edge of the kiln field, which has widened over the former orchard; covered stacks a few metres to the east, orchard a few metres to the west; edge point","counted as kiln from its setting: does it meet rule 2 (brick rows, pit or kiln within about 100 m, inside the bunds, nothing in between)?",kiln,28 July 2026,"bare worked ground just inside the western edge of the kiln field, large tarp-covered brick stacks 40-60 m east with worked plots between; dense orchard begins about 30 m west",yes
85,82,1,34.032416,74.684714,road (inside kiln field: yes),"first labelled bare or road, counted as kiln one zoom out: does it meet rule 2 (brick rows, pit or kiln within about 100 m, inside the bunds, nothing in between)?",kiln,28 July 2026,"narrow internal track between worked brick-drying plots; covered brick stacks and drying plots within 100 m on all sides, kiln shed about 150 m north-east; no house, public road or crop field in between",yes
86,40,1,34.030543,74.69317,bare_other (inside kiln field: no),"first labelled bare or road, not counted as kiln: inside the worked area of a kiln (rule 2), or outside it?",kiln,28 July 2026,"east edge of a dense scrub-orchard block where the Bandagam kiln field begins: bare worked ground with yellow and violet tarp-covered brick stacks 50-80 m east and south-east, nothing but worked ground in between (closer view of 28 July 2026 image; first view read it as bare_other)",yes
