sample,stratum,n,stratum_ha,measure,hits,share,ci95_low,ci95_high,est_ha,est_ha_low,est_ha_high
pooled,A_strict,60,107.01,vegetated before,59,0.983,0.911,0.997,105.2,97.5,106.7
pooled,A_strict,60,107.01,not vegetated before,1,0.017,0.003,0.089,1.8,0.3,9.5
pooled,A_strict,60,107.01,unclear before,0,0.0,0.0,0.06,0.0,0.0,6.4
pooled,A_strict,60,107.01,vegetated before and not vegetated today,59,0.983,0.911,0.997,105.2,97.5,106.7
pooled,A_strict,60,107.01,vegetated before and inside a kiln field today,55,0.917,0.819,0.964,98.1,87.7,103.1
pooled,A_strict,60,107.01,inside a kiln field today,56,0.933,0.841,0.974,99.9,90.0,104.2
pooled,B_drop_only,120,224.01,vegetated before,99,0.825,0.747,0.883,184.8,167.4,197.7
pooled,B_drop_only,120,224.01,not vegetated before,20,0.167,0.111,0.243,37.3,24.8,54.5
pooled,B_drop_only,120,224.01,unclear before,1,0.008,0.001,0.046,1.9,0.3,10.2
pooled,B_drop_only,120,224.01,vegetated before and not vegetated today,84,0.7,0.613,0.775,156.8,137.3,173.6
pooled,B_drop_only,120,224.01,vegetated before and inside a kiln field today,53,0.442,0.356,0.531,98.9,79.7,118.9
pooled,B_drop_only,120,224.01,inside a kiln field today,59,0.492,0.404,0.58,110.1,90.5,129.9
draw 1,A_strict,25,107.01,vegetated before,25,1.0,0.867,1.0,107.0,92.8,107.0
draw 1,A_strict,25,107.01,not vegetated before,0,0.0,0.0,0.133,0.0,0.0,14.3
draw 1,A_strict,25,107.01,unclear before,0,0.0,0.0,0.133,0.0,0.0,14.3
draw 1,A_strict,25,107.01,vegetated before and not vegetated today,25,1.0,0.867,1.0,107.0,92.8,107.0
draw 1,A_strict,25,107.01,vegetated before and inside a kiln field today,24,0.96,0.805,0.993,102.7,86.1,106.3
draw 1,A_strict,25,107.01,inside a kiln field today,24,0.96,0.805,0.993,102.7,86.1,106.3
draw 1,B_drop_only,60,224.01,vegetated before,47,0.783,0.664,0.869,175.5,148.7,194.6
draw 1,B_drop_only,60,224.01,not vegetated before,12,0.2,0.118,0.318,44.8,26.5,71.2
draw 1,B_drop_only,60,224.01,unclear before,1,0.017,0.003,0.089,3.7,0.7,19.8
draw 1,B_drop_only,60,224.01,vegetated before and not vegetated today,39,0.65,0.524,0.758,145.6,117.3,169.9
draw 1,B_drop_only,60,224.01,vegetated before and inside a kiln field today,23,0.383,0.271,0.51,85.9,60.7,114.2
draw 1,B_drop_only,60,224.01,inside a kiln field today,27,0.45,0.331,0.575,100.8,74.1,128.8
draw 2,A_strict,35,107.01,vegetated before,34,0.971,0.855,0.995,104.0,91.5,106.5
draw 2,A_strict,35,107.01,not vegetated before,1,0.029,0.005,0.145,3.1,0.5,15.6
draw 2,A_strict,35,107.01,unclear before,0,0.0,0.0,0.099,0.0,0.0,10.6
draw 2,A_strict,35,107.01,vegetated before and not vegetated today,34,0.971,0.855,0.995,104.0,91.5,106.5
draw 2,A_strict,35,107.01,vegetated before and inside a kiln field today,31,0.886,0.74,0.955,94.8,79.2,102.2
draw 2,A_strict,35,107.01,inside a kiln field today,32,0.914,0.776,0.97,97.8,83.1,103.8
draw 2,B_drop_only,60,224.01,vegetated before,52,0.867,0.758,0.931,194.1,169.9,208.5
draw 2,B_drop_only,60,224.01,not vegetated before,8,0.133,0.069,0.242,29.9,15.5,54.1
draw 2,B_drop_only,60,224.01,unclear before,0,0.0,0.0,0.06,0.0,0.0,13.5
draw 2,B_drop_only,60,224.01,vegetated before and not vegetated today,45,0.75,0.628,0.842,168.0,140.6,188.7
draw 2,B_drop_only,60,224.01,vegetated before and inside a kiln field today,30,0.5,0.377,0.623,112.0,84.5,139.5
draw 2,B_drop_only,60,224.01,inside a kiln field today,32,0.533,0.409,0.654,119.5,91.6,146.4
pooled,A_and_B,180,331.02,vegetated before,158,0.876,0.829,0.924,290.0,274.3,305.7
pooled,A_and_B,180,331.02,not vegetated before,21,0.118,0.072,0.165,39.1,23.7,54.5
pooled,A_and_B,180,331.02,unclear before,1,0.006,0.0,0.017,1.9,0.0,5.5
pooled,A_and_B,180,331.02,vegetated before and not vegetated today,143,0.792,0.735,0.848,262.0,243.3,280.8
pooled,A_and_B,180,331.02,vegetated before and inside a kiln field today,108,0.595,0.531,0.66,197.0,175.7,218.4
pooled,A_and_B,180,331.02,inside a kiln field today,115,0.634,0.57,0.699,210.0,188.8,231.3
draw 1,A_and_B,85,331.02,vegetated before,72,0.853,0.782,0.925,282.5,258.9,306.0
draw 1,A_and_B,85,331.02,not vegetated before,12,0.135,0.066,0.204,44.8,21.9,67.7
draw 1,A_and_B,85,331.02,unclear before,1,0.011,0.0,0.033,3.7,0.0,11.1
draw 1,A_and_B,85,331.02,vegetated before and not vegetated today,64,0.763,0.681,0.846,252.6,225.4,279.9
draw 1,A_and_B,85,331.02,vegetated before and inside a kiln field today,47,0.57,0.482,0.657,188.6,159.6,217.6
draw 1,A_and_B,85,331.02,inside a kiln field today,51,0.615,0.525,0.704,203.5,173.9,233.2
draw 2,A_and_B,95,331.02,vegetated before,86,0.901,0.839,0.962,298.1,277.8,318.4
draw 2,A_and_B,95,331.02,not vegetated before,9,0.099,0.038,0.161,32.9,12.6,53.3
draw 2,A_and_B,95,331.02,unclear before,0,0.0,0.0,0.0,0.0,0.0,0.0
draw 2,A_and_B,95,331.02,vegetated before and not vegetated today,79,0.822,0.745,0.899,272.0,246.5,297.4
draw 2,A_and_B,95,331.02,vegetated before and inside a kiln field today,61,0.625,0.532,0.718,206.8,176.0,237.6
draw 2,A_and_B,95,331.02,inside a kiln field today,64,0.656,0.565,0.748,217.3,187.1,247.6
