site,site_km2,period,median_p90,below_035_ha,below_035_pct,below_030_ha,below_030_pct
all terraces,173.307,1993-1998,0.547,520.38,3.003,268.65,1.55
all terraces,173.307,1999-2002,0.533,1107.99,6.393,578.52,3.338
all terraces,173.307,2003-2007,0.584,621.18,3.584,383.85,2.215
all terraces,173.307,2008-2012,0.578,957.6,5.525,511.92,2.954
all terraces,173.307,2013-2015,0.643,672.93,3.883,436.86,2.521
all terraces,173.307,2018-2020,0.647,824.49,4.757,546.03,3.151
all terraces,173.307,2023-2025,0.646,978.39,5.645,685.53,3.956
Rangeen Kultreh terraces,4.864,1993-1998,0.534,1.26,0.259,0.27,0.056
Rangeen Kultreh terraces,4.864,1999-2002,0.472,14.04,2.886,1.44,0.296
Rangeen Kultreh terraces,4.864,2003-2007,0.533,0.18,0.037,0.0,0.0
Rangeen Kultreh terraces,4.864,2008-2012,0.547,0.09,0.019,0.0,0.0
Rangeen Kultreh terraces,4.864,2013-2015,0.625,7.38,1.517,3.87,0.796
Rangeen Kultreh terraces,4.864,2018-2020,0.598,106.2,21.832,98.64,20.278
Rangeen Kultreh terraces,4.864,2023-2025,0.601,124.65,25.624,119.61,24.588
Bandagam-Batapora terraces,27.837,1993-1998,0.613,102.15,3.67,61.83,2.221
Bandagam-Batapora terraces,27.837,1999-2002,0.672,173.34,6.227,123.93,4.452
Bandagam-Batapora terraces,27.837,2003-2007,0.67,162.45,5.836,117.36,4.216
Bandagam-Batapora terraces,27.837,2008-2012,0.612,303.93,10.918,237.24,8.522
Bandagam-Batapora terraces,27.837,2013-2015,0.686,318.06,11.426,229.59,8.248
Bandagam-Batapora terraces,27.837,2018-2020,0.679,347.58,12.486,234.18,8.413
Bandagam-Batapora terraces,27.837,2023-2025,0.658,454.05,16.311,337.23,12.114
other terraces,140.605,1993-1998,0.537,416.97,2.966,206.55,1.469
other terraces,140.605,1999-2002,0.517,920.61,6.547,453.15,3.223
other terraces,140.605,2003-2007,0.572,458.55,3.261,266.49,1.895
other terraces,140.605,2008-2012,0.572,653.58,4.648,274.68,1.954
other terraces,140.605,2013-2015,0.636,347.49,2.471,203.4,1.447
other terraces,140.605,2018-2020,0.642,370.71,2.637,213.21,1.516
other terraces,140.605,2023-2025,0.646,399.69,2.843,228.69,1.626
other flat land,161.906,1993-1998,0.67,336.33,2.077,222.12,1.372
other flat land,161.906,1999-2002,0.701,520.02,3.212,313.74,1.938
other flat land,161.906,2003-2007,0.696,442.26,2.732,302.4,1.868
other flat land,161.906,2008-2012,0.703,563.04,3.478,355.14,2.193
other flat land,161.906,2013-2015,0.724,492.48,3.042,320.31,1.978
other flat land,161.906,2018-2020,0.731,522.27,3.226,314.73,1.944
other flat land,161.906,2023-2025,0.71,620.1,3.83,381.78,2.358
