p90_below,years,old_box_terraces_ha,old_box_terraces_pct,extension_terraces_ha,extension_terraces_pct,other_flat_pct,rest_pct
0.3,2013-15,150.39,1.61,256.14,3.21,1.87,3.45
0.3,2018-20,255.06,2.73,250.47,3.14,1.76,3.43
0.3,2023-25,281.43,3.01,384.12,4.82,2.34,4.6
0.35,2013-15,237.6,2.54,376.2,4.72,2.75,4.83
0.35,2018-20,347.22,3.71,401.76,5.04,2.86,4.87
0.35,2023-25,382.05,4.08,540.99,6.78,3.59,6.37
0.4,2013-15,358.56,3.83,484.29,6.07,3.83,6.51
0.4,2018-20,479.34,5.12,532.62,6.68,4.21,6.61
0.4,2023-25,528.66,5.65,682.92,8.56,5.31,8.51
