kind,id,px,strict_px,drop_px,belt_share,strict_ha,drop_ha,strict_pct,drop_pct,in_belt
terrace,1,24731,5,164,0.0,0.45,14.76,0.0202,0.6631,False
terrace,2,15698,15,238,0.0,1.35,21.42,0.0956,1.5161,False
terrace,3,11206,122,348,0.2206,10.98,31.32,1.0887,3.1055,False
terrace,4,8549,0,6,0.0,0.0,0.54,0.0,0.0702,False
terrace,5,8285,0,28,0.0,0.0,2.52,0.0,0.338,False
terrace,6,7150,0,8,0.0,0.0,0.72,0.0,0.1119,False
terrace,7,6753,0,8,0.0,0.0,0.72,0.0,0.1185,False
terrace,8,6652,0,0,0.0,0.0,0.0,0.0,0.0,False
terrace,9,5395,853,1015,0.5292,76.77,91.35,15.8109,18.8137,True
terrace,10,5063,107,369,0.9998,9.63,33.21,2.1134,7.2882,True
terrace,11,4974,0,171,0.9982,0.0,15.39,0.0,3.4379,True
terrace,12,4598,0,4,0.0,0.0,0.36,0.0,0.087,False
terrace,13,3697,0,18,0.0,0.0,1.62,0.0,0.4869,False
terrace,14,3388,0,9,0.0,0.0,0.81,0.0,0.2656,False
terrace,15,3149,17,60,0.9997,1.53,5.4,0.5399,1.9054,True
terrace,16,3153,0,0,0.0,0.0,0.0,0.0,0.0,False
terrace,17,2525,12,117,1.0,1.08,10.53,0.4752,4.6337,True
terrace,18,2347,0,11,0.0,0.0,0.99,0.0,0.4687,False
terrace,19,2214,0,0,0.0,0.0,0.0,0.0,0.0,False
terrace,20,2193,0,16,0.4551,0.0,1.44,0.0,0.7296,False
terrace,21,2106,1,1,0.0,0.09,0.09,0.0475,0.0475,False
terrace,22,2096,0,3,0.0,0.0,0.27,0.0,0.1431,False
terrace,23,1898,4,189,0.9979,0.36,17.01,0.2107,9.9579,True
terrace,24,1841,0,2,0.0,0.0,0.18,0.0,0.1086,False
terrace,25,1775,0,4,0.3037,0.0,0.36,0.0,0.2254,False
terrace,26,1639,0,0,0.0,0.0,0.0,0.0,0.0,False
terrace,27,1645,0,6,0.0,0.0,0.54,0.0,0.3647,False
terrace,28,1598,0,0,0.0,0.0,0.0,0.0,0.0,False
terrace,29,1431,7,152,0.7897,0.63,13.68,0.4892,10.6219,True
terrace,30,1308,0,0,0.0,0.0,0.0,0.0,0.0,False
terrace,31,1260,1,66,1.0,0.09,5.94,0.0794,5.2381,True
terrace,32,1145,0,2,0.0,0.0,0.18,0.0,0.1747,False
terrace,33,1073,0,1,0.0,0.0,0.09,0.0,0.0932,False
terrace,34,1081,0,7,0.0,0.0,0.63,0.0,0.6475,False
terrace,35,1070,0,0,0.0,0.0,0.0,0.0,0.0,False
terrace,36,1036,0,54,1.0,0.0,4.86,0.0,5.2124,True
terrace,37,1002,0,0,0.0,0.0,0.0,0.0,0.0,False
terrace,38,941,0,0,0.0,0.0,0.0,0.0,0.0,False
terrace,39,897,0,0,0.0,0.0,0.0,0.0,0.0,False
terrace,40,886,1,5,1.0,0.09,0.45,0.1129,0.5643,True
terrace,41,880,0,1,0.0,0.0,0.09,0.0,0.1136,False
terrace,42,872,0,1,0.0,0.0,0.09,0.0,0.1147,False
terrace,43,790,0,0,0.0,0.0,0.0,0.0,0.0,False
terrace,44,707,0,52,1.0,0.0,4.68,0.0,7.355,True
terrace,45,682,0,1,0.0,0.0,0.09,0.0,0.1466,False
terrace,46,669,0,14,1.0,0.0,1.26,0.0,2.0927,True
terrace,47,660,0,1,0.0,0.0,0.09,0.0,0.1515,False
terrace,48,656,0,27,1.0,0.0,2.43,0.0,4.1159,True
terrace,49,622,0,0,0.0,0.0,0.0,0.0,0.0,False
terrace,50,622,0,41,1.0,0.0,3.69,0.0,6.5916,True
terrace,51,613,0,86,1.0,0.0,7.74,0.0,14.0294,True
terrace,52,618,2,16,0.0,0.18,1.44,0.3236,2.589,False
terrace,53,610,0,5,0.0,0.0,0.45,0.0,0.8197,False
terrace,54,604,0,3,0.0,0.0,0.27,0.0,0.4967,False
terrace,55,577,0,0,0.0,0.0,0.0,0.0,0.0,False
terrace,56,569,0,0,0.9754,0.0,0.0,0.0,0.0,True
terrace,57,566,19,52,0.0,1.71,4.68,3.3569,9.1873,False
terrace,58,548,0,0,0.0,0.0,0.0,0.0,0.0,False
terrace,59,512,0,0,0.0,0.0,0.0,0.0,0.0,False
terrace,60,503,0,4,1.0,0.0,0.36,0.0,0.7952,True
terrace,61,506,0,30,1.0,0.0,2.7,0.0,5.9289,True
terrace,62,484,0,0,0.0,0.0,0.0,0.0,0.0,False
terrace,63,465,0,0,0.0,0.0,0.0,0.0,0.0,False
terrace,64,466,14,113,1.0,1.26,10.17,3.0043,24.2489,True
terrace,65,460,0,1,0.0,0.0,0.09,0.0,0.2174,False
terrace,66,444,0,0,0.0,0.0,0.0,0.0,0.0,False
terrace,67,412,0,0,0.0,0.0,0.0,0.0,0.0,False
terrace,68,399,0,7,0.0,0.0,0.63,0.0,1.7544,False
terrace,69,397,0,0,0.0,0.0,0.0,0.0,0.0,False
terrace,70,394,0,2,0.0,0.0,0.18,0.0,0.5076,False
terrace,71,375,0,0,0.0,0.0,0.0,0.0,0.0,False
terrace,72,346,0,0,1.0,0.0,0.0,0.0,0.0,True
terrace,73,338,0,0,0.0,0.0,0.0,0.0,0.0,False
terrace,74,323,0,0,0.0,0.0,0.0,0.0,0.0,False
terrace,75,326,0,11,0.0,0.0,0.99,0.0,3.3742,False
terrace,76,331,0,0,0.0,0.0,0.0,0.0,0.0,False
terrace,77,318,0,0,0.0,0.0,0.0,0.0,0.0,False
terrace,78,298,0,0,0.0,0.0,0.0,0.0,0.0,False
terrace,79,287,0,0,0.0,0.0,0.0,0.0,0.0,False
terrace,80,292,0,0,0.0103,0.0,0.0,0.0,0.0,False
terrace,81,289,0,3,1.0,0.0,0.27,0.0,1.0381,True
terrace,82,273,0,5,0.0,0.0,0.45,0.0,1.8315,False
terrace,83,271,0,2,0.0,0.0,0.18,0.0,0.738,False
terrace,84,250,0,0,0.0,0.0,0.0,0.0,0.0,False
terrace,85,242,0,0,0.7066,0.0,0.0,0.0,0.0,True
terrace,86,240,0,0,0.0,0.0,0.0,0.0,0.0,False
terrace,87,230,0,0,0.0,0.0,0.0,0.0,0.0,False
terrace,88,221,0,0,0.0,0.0,0.0,0.0,0.0,False
terrace,89,215,0,4,0.0,0.0,0.36,0.0,1.8605,False
terrace,90,212,0,0,0.0,0.0,0.0,0.0,0.0,False
terrace,91,201,0,0,0.0,0.0,0.0,0.0,0.0,False
terrace,92,210,0,0,0.0,0.0,0.0,0.0,0.0,False
terrace,93,205,0,0,0.0,0.0,0.0,0.0,0.0,False
terrace,94,192,0,0,0.0,0.0,0.0,0.0,0.0,False
terrace,95,196,0,0,0.0,0.0,0.0,0.0,0.0,False
terrace,96,182,0,0,0.0,0.0,0.0,0.0,0.0,False
terrace,97,183,0,0,0.0,0.0,0.0,0.0,0.0,False
terrace,98,180,4,14,1.0,0.36,1.26,2.2222,7.7778,True
terrace,99,187,0,0,0.0,0.0,0.0,0.0,0.0,False
terrace,100,173,0,0,0.0751,0.0,0.0,0.0,0.0,False
terrace,101,176,0,0,0.0,0.0,0.0,0.0,0.0,False
terrace,102,168,3,24,0.0,0.27,2.16,1.7857,14.2857,False
terrace,103,168,0,26,0.0,0.0,2.34,0.0,15.4762,False
terrace,104,164,0,0,0.0,0.0,0.0,0.0,0.0,False
terrace,105,147,0,0,0.0,0.0,0.0,0.0,0.0,False
terrace,106,148,0,0,0.0,0.0,0.0,0.0,0.0,False
terrace,107,139,0,0,1.0,0.0,0.0,0.0,0.0,True
terrace,108,144,0,0,0.0,0.0,0.0,0.0,0.0,False
terrace,109,142,0,0,0.0,0.0,0.0,0.0,0.0,False
terrace,110,131,0,0,0.8321,0.0,0.0,0.0,0.0,True
terrace,111,136,0,0,0.0,0.0,0.0,0.0,0.0,False
terrace,112,134,0,0,0.3209,0.0,0.0,0.0,0.0,False
terrace,113,128,0,0,0.9688,0.0,0.0,0.0,0.0,True
terrace,114,135,0,0,0.0,0.0,0.0,0.0,0.0,False
terrace,115,138,0,0,0.0,0.0,0.0,0.0,0.0,False
terrace,116,124,0,1,0.0,0.0,0.09,0.0,0.8065,False
terrace,117,130,0,0,0.9308,0.0,0.0,0.0,0.0,True
terrace,118,124,0,1,0.0,0.0,0.09,0.0,0.8065,False
terrace,119,128,0,0,1.0,0.0,0.0,0.0,0.0,True
terrace,120,129,0,0,0.0,0.0,0.0,0.0,0.0,False
terrace,121,121,0,0,0.0,0.0,0.0,0.0,0.0,False
terrace,122,116,0,0,0.0,0.0,0.0,0.0,0.0,False
terrace,123,118,0,0,1.0,0.0,0.0,0.0,0.0,True
terrace,124,115,0,0,0.0,0.0,0.0,0.0,0.0,False
terrace,125,114,0,2,0.0,0.0,0.18,0.0,1.7544,False
terrace,126,109,0,3,1.0,0.0,0.27,0.0,2.7523,True
terrace,127,105,0,0,0.0,0.0,0.0,0.0,0.0,False
terrace,128,103,0,0,0.0,0.0,0.0,0.0,0.0,False
terrace,129,111,0,0,0.0,0.0,0.0,0.0,0.0,False
terrace,130,114,0,0,0.0,0.0,0.0,0.0,0.0,False
terrace,131,108,0,0,0.0,0.0,0.0,0.0,0.0,False
terrace,132,106,2,2,0.0,0.18,0.18,1.8868,1.8868,False
terrace,133,112,0,0,0.0,0.0,0.0,0.0,0.0,False
terrace,134,104,0,0,0.0,0.0,0.0,0.0,0.0,False
terrace,135,100,0,0,0.0,0.0,0.0,0.0,0.0,False
terrace,136,102,0,0,0.0,0.0,0.0,0.0,0.0,False
terrace,137,100,0,0,0.0,0.0,0.0,0.0,0.0,False
terrace,138,95,0,0,0.0,0.0,0.0,0.0,0.0,False
terrace,139,93,0,0,0.0,0.0,0.0,0.0,0.0,False
terrace,140,99,0,0,0.0,0.0,0.0,0.0,0.0,False
terrace,141,101,0,0,0.0,0.0,0.0,0.0,0.0,False
terrace,142,96,0,1,0.0,0.0,0.09,0.0,1.0417,False
terrace,143,94,0,0,0.0,0.0,0.0,0.0,0.0,False
terrace,144,95,0,1,0.0,0.0,0.09,0.0,1.0526,False
terrace,145,93,0,0,0.0,0.0,0.0,0.0,0.0,False
terrace,146,94,0,0,0.0,0.0,0.0,0.0,0.0,False
terrace,147,86,0,0,0.0,0.0,0.0,0.0,0.0,False
terrace,148,96,0,0,0.0,0.0,0.0,0.0,0.0,False
terrace,149,87,0,0,0.0,0.0,0.0,0.0,0.0,False
terrace,150,88,0,2,0.0,0.0,0.18,0.0,2.2727,False
terrace,151,83,0,0,0.0,0.0,0.0,0.0,0.0,False
terrace,152,88,0,0,0.0,0.0,0.0,0.0,0.0,False
terrace,153,93,0,0,0.0,0.0,0.0,0.0,0.0,False
terrace,154,92,0,0,0.0,0.0,0.0,0.0,0.0,False
terrace,155,86,0,0,0.2093,0.0,0.0,0.0,0.0,False
terrace,156,84,0,0,0.0,0.0,0.0,0.0,0.0,False
terrace,157,87,0,0,0.0,0.0,0.0,0.0,0.0,False
terrace,158,88,0,0,0.0,0.0,0.0,0.0,0.0,False
terrace,159,84,0,0,0.0,0.0,0.0,0.0,0.0,False
terrace,160,85,0,0,0.0,0.0,0.0,0.0,0.0,False
terrace,161,78,0,2,1.0,0.0,0.18,0.0,2.5641,True
terrace,162,80,0,0,0.0,0.0,0.0,0.0,0.0,False
terrace,163,70,0,1,0.0,0.0,0.09,0.0,1.4286,False
terrace,164,80,0,1,0.0,0.0,0.09,0.0,1.25,False
terrace,165,70,0,0,0.0,0.0,0.0,0.0,0.0,False
terrace,166,66,0,0,1.0,0.0,0.0,0.0,0.0,True
terrace,167,70,0,0,0.0,0.0,0.0,0.0,0.0,False
terrace,168,78,0,0,0.0,0.0,0.0,0.0,0.0,False
terrace,169,77,0,0,0.0,0.0,0.0,0.0,0.0,False
terrace,170,71,0,0,0.0,0.0,0.0,0.0,0.0,False
terrace,171,67,0,6,1.0,0.0,0.54,0.0,8.9552,True
terrace,172,77,0,0,0.0,0.0,0.0,0.0,0.0,False
terrace,173,73,0,0,0.0,0.0,0.0,0.0,0.0,False
terrace,174,69,0,0,0.0,0.0,0.0,0.0,0.0,False
terrace,175,74,0,0,0.7162,0.0,0.0,0.0,0.0,True
terrace,176,71,0,0,0.3099,0.0,0.0,0.0,0.0,False
terrace,177,68,0,0,0.0,0.0,0.0,0.0,0.0,False
terrace,178,69,0,0,0.0,0.0,0.0,0.0,0.0,False
terrace,179,71,0,0,1.0,0.0,0.0,0.0,0.0,True
terrace,180,65,0,0,0.0,0.0,0.0,0.0,0.0,False
other_flat,1,17691,55,217,0.0,4.95,19.53,0.3109,1.2266,False
other_flat,2,4648,0,10,0.0,0.0,0.9,0.0,0.2151,False
other_flat,3,33181,4,57,0.0,0.36,5.13,0.0121,0.1718,False
other_flat,5,15822,4,119,0.0,0.36,10.71,0.0253,0.7521,False
other_flat,7,14644,3,75,0.0,0.27,6.75,0.0205,0.5122,False
other_flat,9,172,0,0,0.0,0.0,0.0,0.0,0.0,False
other_flat,10,8770,0,16,0.0,0.0,1.44,0.0,0.1824,False
other_flat,13,7770,1,24,0.0,0.09,2.16,0.0129,0.3089,False
other_flat,15,6783,0,14,0.0,0.0,1.26,0.0,0.2064,False
other_flat,18,5788,0,1,0.2327,0.0,0.09,0.0,0.0173,False
other_flat,21,235,0,2,0.0,0.0,0.18,0.0,0.8511,False
other_flat,22,5063,0,17,0.0,0.0,1.53,0.0,0.3358,False
other_flat,26,4432,52,199,0.0,4.68,17.91,1.1733,4.4901,False
other_flat,28,3638,0,18,0.0,0.0,1.62,0.0,0.4948,False
other_flat,29,3439,0,16,0.3312,0.0,1.44,0.0,0.4653,False
other_flat,30,3287,0,1,0.0,0.0,0.09,0.0,0.0304,False
other_flat,35,2472,0,6,0.0,0.0,0.54,0.0,0.2427,False
other_flat,37,2226,0,0,0.0,0.0,0.0,0.0,0.0,False
other_flat,40,2108,2,25,0.0,0.18,2.25,0.0949,1.186,False
other_flat,43,1954,0,2,0.0,0.0,0.18,0.0,0.1024,False
other_flat,47,1109,0,0,0.0,0.0,0.0,0.0,0.0,False
other_flat,48,1768,0,0,0.0,0.0,0.0,0.0,0.0,False
other_flat,49,1722,0,9,0.0,0.0,0.81,0.0,0.5226,False
other_flat,53,1509,0,3,0.0,0.0,0.27,0.0,0.1988,False
other_flat,54,1457,0,3,0.0,0.0,0.27,0.0,0.2059,False
other_flat,55,1458,0,4,0.0,0.0,0.36,0.0,0.2743,False
other_flat,58,1381,1,41,0.966,0.09,3.69,0.0724,2.9689,True
other_flat,59,1377,0,0,0.0,0.0,0.0,0.0,0.0,False
other_flat,61,1291,0,0,0.0,0.0,0.0,0.0,0.0,False
other_flat,62,1254,0,3,0.0,0.0,0.27,0.0,0.2392,False
other_flat,64,1186,0,19,0.0,0.0,1.71,0.0,1.602,False
other_flat,69,1058,0,0,0.0,0.0,0.0,0.0,0.0,False
other_flat,70,1058,0,2,0.0,0.0,0.18,0.0,0.189,False
other_flat,74,905,0,0,0.0,0.0,0.0,0.0,0.0,False
other_flat,76,895,0,0,0.0,0.0,0.0,0.0,0.0,False
other_flat,77,898,0,6,0.0,0.0,0.54,0.0,0.6682,False
other_flat,81,127,0,0,0.0,0.0,0.0,0.0,0.0,False
other_flat,84,777,0,1,0.0,0.0,0.09,0.0,0.1287,False
other_flat,85,787,0,3,0.0,0.0,0.27,0.0,0.3812,False
other_flat,86,717,0,3,0.0,0.0,0.27,0.0,0.4184,False
other_flat,87,763,0,0,0.0,0.0,0.0,0.0,0.0,False
other_flat,88,279,0,0,0.0,0.0,0.0,0.0,0.0,False
other_flat,92,685,2,46,0.0,0.18,4.14,0.292,6.7153,False
other_flat,103,581,0,0,0.0,0.0,0.0,0.0,0.0,False
other_flat,104,554,0,18,0.0,0.0,1.62,0.0,3.2491,False
other_flat,106,369,0,1,0.0,0.0,0.09,0.0,0.271,False
other_flat,109,507,2,7,0.0,0.18,0.63,0.3945,1.3807,False
other_flat,112,482,0,0,0.0,0.0,0.0,0.0,0.0,False
other_flat,115,466,0,8,0.0,0.0,0.72,0.0,1.7167,False
other_flat,116,453,0,1,0.0,0.0,0.09,0.0,0.2208,False
other_flat,118,427,0,0,0.0,0.0,0.0,0.0,0.0,False
other_flat,125,382,0,0,0.0,0.0,0.0,0.0,0.0,False
other_flat,126,371,0,1,0.0,0.0,0.09,0.0,0.2695,False
other_flat,127,378,0,0,0.0979,0.0,0.0,0.0,0.0,False
other_flat,129,367,0,0,0.0,0.0,0.0,0.0,0.0,False
other_flat,131,344,0,3,0.0,0.0,0.27,0.0,0.8721,False
other_flat,134,316,0,0,0.0,0.0,0.0,0.0,0.0,False
other_flat,140,274,0,15,0.0,0.0,1.35,0.0,5.4745,False
other_flat,141,78,0,0,0.0,0.0,0.0,0.0,0.0,False
other_flat,143,81,0,0,0.0,0.0,0.0,0.0,0.0,False
other_flat,146,251,0,4,0.0,0.0,0.36,0.0,1.5936,False
other_flat,148,57,0,0,0.0,0.0,0.0,0.0,0.0,False
other_flat,155,225,1,0,0.0,0.09,0.0,0.4444,0.0,False
other_flat,159,199,0,0,1.0,0.0,0.0,0.0,0.0,True
other_flat,160,214,0,1,0.0,0.0,0.09,0.0,0.4673,False
other_flat,161,196,0,0,0.0,0.0,0.0,0.0,0.0,False
other_flat,162,191,0,0,0.0,0.0,0.0,0.0,0.0,False
other_flat,164,188,0,3,0.0,0.0,0.27,0.0,1.5957,False
other_flat,165,183,0,2,0.0,0.0,0.18,0.0,1.0929,False
other_flat,167,176,0,0,0.0,0.0,0.0,0.0,0.0,False
other_flat,169,183,0,0,0.0,0.0,0.0,0.0,0.0,False
other_flat,171,173,0,0,0.0,0.0,0.0,0.0,0.0,False
other_flat,172,172,0,0,0.0,0.0,0.0,0.0,0.0,False
other_flat,177,154,0,0,0.0,0.0,0.0,0.0,0.0,False
other_flat,179,60,0,0,0.0,0.0,0.0,0.0,0.0,False
other_flat,180,151,0,0,0.0,0.0,0.0,0.0,0.0,False
other_flat,192,140,0,0,0.0,0.0,0.0,0.0,0.0,False
other_flat,193,61,0,0,0.0,0.0,0.0,0.0,0.0,False
other_flat,197,131,0,0,1.0,0.0,0.0,0.0,0.0,True
other_flat,199,123,0,0,1.0,0.0,0.0,0.0,0.0,True
other_flat,202,123,0,0,1.0,0.0,0.0,0.0,0.0,True
other_flat,203,124,0,0,0.0,0.0,0.0,0.0,0.0,False
other_flat,205,124,0,0,0.0,0.0,0.0,0.0,0.0,False
other_flat,208,124,0,0,0.0,0.0,0.0,0.0,0.0,False
other_flat,211,119,0,0,0.0,0.0,0.0,0.0,0.0,False
other_flat,218,108,0,0,0.0,0.0,0.0,0.0,0.0,False
other_flat,223,102,0,0,0.0,0.0,0.0,0.0,0.0,False
other_flat,224,97,0,0,0.0,0.0,0.0,0.0,0.0,False
other_flat,227,107,0,0,0.0,0.0,0.0,0.0,0.0,False
other_flat,232,103,0,0,0.0,0.0,0.0,0.0,0.0,False
other_flat,240,87,0,0,1.0,0.0,0.0,0.0,0.0,True
other_flat,246,81,0,1,0.0,0.0,0.09,0.0,1.2346,False
other_flat,252,84,0,0,0.0,0.0,0.0,0.0,0.0,False
other_flat,274,66,0,0,0.0,0.0,0.0,0.0,0.0,False
