point_id,draw,stratum,stratum_px,terrace_id,p90_2013_15,p90_2023_25,final,before_label,before_date
1,1,A_strict,1189,9,0.623,0.203,kiln,vegetated,Sept 2014
2,1,B_drop_only,2489,9,0.547,0.249,kiln,vegetated,Sept 2014
3,1,A_strict,1189,9,0.561,0.184,kiln,vegetated,Sept 2014
4,1,C_not_flagged,188885,4,0.477,0.397,built_up,,
5,1,A_strict,1189,3,0.602,0.221,kiln,vegetated,25 May 2014
6,1,B_drop_only,2489,3,0.608,0.278,kiln,vegetated,Sept 2014
7,1,B_drop_only,2489,11,0.785,0.266,built_up,vegetated,10 Sept 2014
8,1,B_drop_only,2489,2,0.485,0.255,built_up,not_vegetated,10 Sept 2014
9,1,C_not_flagged,188885,31,0.835,0.595,vegetated,,
10,1,A_strict,1189,9,0.608,0.23,kiln,vegetated,Sept 2014
11,1,C_not_flagged,188885,13,0.793,0.789,vegetated,,
12,1,B_drop_only,2489,64,0.515,0.277,kiln,vegetated,Sept 2014
13,1,A_strict,1189,10,0.689,0.217,kiln,vegetated,Sept 2014
14,1,C_not_flagged,188885,2,0.518,0.516,vegetated,,
15,1,B_drop_only,2489,1,0.552,0.227,bare_other,vegetated,Sept 2014
16,1,B_drop_only,2489,10,0.699,0.38,vegetated,vegetated,Sept 2014
17,1,B_drop_only,2489,29,0.649,0.271,kiln,vegetated,June 2013 (Sept 2014 image in cloud shadow)
18,1,B_drop_only,2489,11,0.765,0.291,built_up,vegetated,10 Sept 2014
19,1,B_drop_only,2489,3,0.662,0.288,kiln,vegetated,Sept 2014
20,1,B_drop_only,2489,4,0.617,0.379,built_up,not_vegetated,Sept 2014
21,1,B_drop_only,2489,10,0.759,0.303,vegetated,vegetated,Sept 2014
22,1,C_not_flagged,188885,8,0.778,0.776,vegetated,,
23,1,B_drop_only,2489,31,0.76,0.325,vegetated,vegetated,10 Sept 2014
24,1,C_not_flagged,188885,67,0.831,0.838,vegetated,,
25,1,A_strict,1189,9,0.664,0.228,kiln,vegetated,Sept 2014
26,1,C_not_flagged,188885,42,0.717,0.788,vegetated,,
27,1,B_drop_only,2489,44,0.613,0.289,kiln,not_vegetated,10 Sept 2014
28,1,B_drop_only,2489,23,0.778,0.273,kiln,vegetated,Sept 2014
29,1,B_drop_only,2489,29,0.681,0.252,kiln,vegetated,Sept 2014
30,1,B_drop_only,2489,64,0.503,0.29,kiln,not_vegetated,Sept 2014
31,1,B_drop_only,2489,11,0.549,0.28,bare_other,vegetated,10 Sept 2014
32,1,B_drop_only,2489,61,0.548,0.318,bare_other,not_vegetated,Sept 2014
33,1,B_drop_only,2489,31,0.654,0.355,kiln,vegetated,June 2013 (Sept 2014 image under cloud)
34,1,C_not_flagged,188885,92,0.777,0.746,vegetated,,
35,1,A_strict,1189,9,0.637,0.176,kiln,vegetated,Sept 2014
36,1,A_strict,1189,15,0.726,0.212,road,vegetated,10 Sept 2014
37,1,B_drop_only,2489,10,0.775,0.259,kiln,vegetated,Sept 2014
38,1,B_drop_only,2489,36,0.79,0.301,bare_other,vegetated,Sept 2014
39,1,B_drop_only,2489,2,0.514,0.264,built_up,not_vegetated,Sept 2014
40,1,B_drop_only,2489,17,0.776,0.238,bare_other,vegetated,10 Sept 2014
41,1,A_strict,1189,64,0.751,0.239,road,vegetated,10 Sept 2014
42,1,C_not_flagged,188885,9,0.714,0.736,vegetated,,
43,1,C_not_flagged,188885,27,0.724,0.592,vegetated,,
44,1,C_not_flagged,188885,2,0.482,0.567,vegetated,,
45,1,A_strict,1189,9,0.655,0.17,kiln,vegetated,Sept 2014
46,1,B_drop_only,2489,50,0.807,0.343,vegetated,vegetated,Sept 2014
47,1,A_strict,1189,9,0.587,0.19,kiln,vegetated,Sept 2014
48,1,C_not_flagged,188885,27,0.609,0.564,bare_other,,
49,1,B_drop_only,2489,10,0.701,0.237,bare_other,vegetated,10 Sept 2014
50,1,A_strict,1189,9,0.668,0.182,kiln,vegetated,Sept 2014
51,1,B_drop_only,2489,2,0.675,0.31,bare_other,vegetated,Sept 2014
52,1,C_not_flagged,188885,11,0.779,0.782,vegetated,,
53,1,C_not_flagged,188885,38,0.652,0.677,vegetated,,
54,1,B_drop_only,2489,3,0.61,0.351,bare_other,vegetated,21 Sept 2014
55,1,A_strict,1189,9,0.624,0.184,kiln,vegetated,Sept 2014
56,1,B_drop_only,2489,2,0.787,0.264,road,vegetated,Sept 2014
57,1,C_not_flagged,188885,88,0.577,0.656,vegetated,,
58,1,C_not_flagged,188885,11,0.78,0.742,vegetated,,
59,1,B_drop_only,2489,15,0.72,0.297,road,vegetated,10 Sept 2014
60,1,B_drop_only,2489,46,0.717,0.373,bare_other,vegetated,Sept 2014
61,1,C_not_flagged,188885,1,0.755,0.731,vegetated,,
62,1,A_strict,1189,9,0.656,0.172,kiln,vegetated,Sept 2014
63,1,A_strict,1189,9,0.651,0.215,kiln,vegetated,Sept 2014
64,1,A_strict,1189,9,0.625,0.219,kiln,vegetated,Sept 2014
65,1,B_drop_only,2489,31,0.723,0.391,vegetated,vegetated,10 Sept 2014
66,1,C_not_flagged,188885,15,0.742,0.81,vegetated,,
67,1,C_not_flagged,188885,1,0.623,0.584,bare_other,,
68,1,C_not_flagged,188885,5,0.609,0.679,bare_other,,
69,1,B_drop_only,2489,2,0.596,0.387,road,not_vegetated,Sept 2014
70,1,B_drop_only,2489,44,0.751,0.347,unclear,vegetated,June 2013 (Sept 2014 image under cloud)
71,1,B_drop_only,2489,29,0.633,0.233,bare_other,vegetated,Sept 2014
72,1,B_drop_only,2489,64,0.794,0.284,road,vegetated,Sept 2014
73,1,A_strict,1189,3,0.641,0.204,kiln,vegetated,Sept 2014
74,1,C_not_flagged,188885,43,0.723,0.589,built_up,,
75,1,B_drop_only,2489,10,0.769,0.252,kiln,vegetated,Sept 2014
76,1,B_drop_only,2489,11,0.588,0.346,kiln,vegetated,June 2013 (Sept 2014 image too hazy)
77,1,B_drop_only,2489,17,0.623,0.37,road,vegetated,10 Sept 2014
78,1,B_drop_only,2489,6,0.67,0.397,bare_other,not_vegetated,21 June 2013
79,1,B_drop_only,2489,1,0.601,0.395,road,not_vegetated,Sept 2014
80,1,A_strict,1189,9,0.688,0.168,bare_other,vegetated,Sept 2014
81,1,B_drop_only,2489,1,0.674,0.351,road,vegetated,28 April 2014
82,1,B_drop_only,2489,17,0.675,0.255,kiln,vegetated,Sept 2014
83,1,C_not_flagged,188885,40,0.239,0.227,kiln,,
84,1,C_not_flagged,188885,1,0.718,0.66,bare_other,,
85,1,C_not_flagged,188885,10,0.669,0.626,vegetated,,
86,1,B_drop_only,2489,10,0.638,0.394,vegetated,vegetated,10 Sept 2014
87,1,B_drop_only,2489,5,0.665,0.37,built_up,not_vegetated,July 2014
88,1,B_drop_only,2489,2,0.692,0.379,bare_other,vegetated,Sept 2014
89,1,B_drop_only,2489,2,0.545,0.32,built_up,vegetated,10 Sept 2014
90,1,B_drop_only,2489,36,0.58,0.297,bare_other,unclear,10 Sept 2014 and 10 June 2013
91,1,B_drop_only,2489,11,0.549,0.329,kiln,vegetated,Sept 2014
92,1,C_not_flagged,188885,2,0.587,0.534,bare_other,,
93,1,A_strict,1189,9,0.628,0.169,kiln,vegetated,Sept 2014
94,1,C_not_flagged,188885,10,0.638,0.755,vegetated,,
95,1,A_strict,1189,9,0.687,0.217,kiln,vegetated,Sept 2014
96,1,A_strict,1189,9,0.764,0.206,bare_other,vegetated,Sept 2014
97,1,C_not_flagged,188885,28,0.85,0.805,vegetated,,
98,1,B_drop_only,2489,44,0.771,0.34,bare_other,vegetated,Sept 2014
99,1,C_not_flagged,188885,32,0.746,0.747,vegetated,,
100,1,C_not_flagged,188885,16,0.661,0.734,vegetated,,
101,1,B_drop_only,2489,11,0.758,0.345,vegetated,vegetated,Sept 2014
102,1,C_not_flagged,188885,1,0.694,0.757,vegetated,,
103,1,B_drop_only,2489,11,0.812,0.311,bare_other,vegetated,10 Sept 2014
104,1,C_not_flagged,188885,4,0.648,0.487,bare_other,,
105,1,C_not_flagged,188885,1,0.546,0.658,road,,
106,1,B_drop_only,2489,18,0.517,0.29,vegetated,not_vegetated,Sept 2014
107,1,C_not_flagged,188885,7,0.644,0.563,bare_other,,
108,1,B_drop_only,2489,10,0.691,0.287,built_up,vegetated,Sept 2014
109,1,B_drop_only,2489,171,0.743,0.293,road,vegetated,Sept 2014
110,1,A_strict,1189,10,0.659,0.227,kiln,vegetated,Sept 2014
111,1,A_strict,1189,9,0.649,0.202,bare_other,vegetated,Sept 2014
112,1,A_strict,1189,3,0.73,0.198,kiln,vegetated,Sept 2014
113,1,B_drop_only,2489,2,0.642,0.38,bare_other,vegetated,Sept 2014
114,1,B_drop_only,2489,2,0.507,0.273,built_up,not_vegetated,10 Sept 2014
115,1,C_not_flagged,188885,3,0.606,0.608,bare_other,,
116,1,C_not_flagged,188885,7,0.708,0.699,road,,
117,1,A_strict,1189,9,0.699,0.161,bare_other,vegetated,Sept 2014
118,1,B_drop_only,2489,23,0.791,0.252,kiln,vegetated,Sept 2014
119,1,B_drop_only,2489,17,0.686,0.385,vegetated,vegetated,Sept 2014
120,1,B_drop_only,2489,11,0.781,0.309,unclear,vegetated,10 Sept 2014
121,2,A_strict,1189,9,0.513,0.183,kiln,vegetated,16 Sept 2014 and 28 April 2014
122,2,C_not_flagged,188885,1,0.712,0.661,vegetated,vegetated,28 April 2014
123,2,B_drop_only,2489,31,0.689,0.299,kiln,not_vegetated,30 Sept 2014
124,2,C_not_flagged,188885,1,0.513,0.631,vegetated,vegetated,21 Sept 2014
125,2,B_drop_only,2489,29,0.598,0.261,kiln,vegetated,13 April 2015
126,2,A_strict,1189,9,0.61,0.202,kiln,vegetated,16 Sept 2014 and 28 April 2014
127,2,B_drop_only,2489,44,0.757,0.304,kiln,vegetated,21 June 2013 per the status bar (slider at May 2014)
128,2,B_drop_only,2489,3,0.712,0.318,bare_other,vegetated,25 May 2014
129,2,A_strict,1189,3,0.548,0.201,kiln,vegetated,25 May 2014
130,2,A_strict,1189,9,0.672,0.195,kiln,vegetated,25 May 2014
131,2,A_strict,1189,9,0.651,0.173,kiln,vegetated,16 Sept 2014 and 28 April 2014
132,2,C_not_flagged,188885,7,0.675,0.602,vegetated,vegetated,16 May 2015
133,2,C_not_flagged,188885,2,0.449,0.479,vegetated,vegetated,21 Sept 2014 and 25 May 2014
134,2,B_drop_only,2489,126,0.782,0.384,vegetated,vegetated,30 Sept 2014
135,2,B_drop_only,2489,44,0.778,0.313,kiln,vegetated,10 Sept 2014
136,2,B_drop_only,2489,1,0.731,0.177,bare_other,vegetated,21 Sept 2014
137,2,A_strict,1189,10,0.733,0.222,kiln,vegetated,10 Sept 2014
138,2,A_strict,1189,9,0.573,0.195,kiln,vegetated,16 Sept 2014 and 28 April 2014
139,2,B_drop_only,2489,50,0.81,0.285,kiln,vegetated,10 Sept 2014
140,2,B_drop_only,2489,64,0.771,0.397,kiln,vegetated,21 Sept 2014
141,2,A_strict,1189,9,0.675,0.197,kiln,vegetated,16 Sept 2014
142,2,B_drop_only,2489,23,0.784,0.251,kiln,vegetated,10 June 2013
143,2,B_drop_only,2489,1,0.641,0.324,vegetated,vegetated,28 April 2014
144,2,A_strict,1189,3,0.677,0.2,kiln,vegetated,21 Sept 2014
145,2,B_drop_only,2489,52,0.51,0.182,built_up,vegetated,13 Sept 2014
146,2,C_not_flagged,188885,8,0.815,0.842,vegetated,vegetated,18 Sept 2014
147,2,A_strict,1189,10,0.709,0.228,kiln,vegetated,10 Sept 2014
148,2,B_drop_only,2489,11,0.789,0.341,kiln,vegetated,10 Sept 2014
149,2,C_not_flagged,188885,1,0.633,0.722,vegetated,vegetated,21 Sept 2014
150,2,B_drop_only,2489,51,0.718,0.3,kiln,vegetated,21 Sept 2014
151,2,B_drop_only,2489,64,0.804,0.268,kiln,vegetated,21 Sept 2014
152,2,C_not_flagged,188885,7,0.598,0.578,bare_other,vegetated,16 May 2015
153,2,B_drop_only,2489,9,0.639,0.248,kiln,vegetated,16 Sept 2014 and 28 April 2014
154,2,B_drop_only,2489,64,0.81,0.276,kiln,vegetated,21 Sept 2014
155,2,A_strict,1189,9,0.633,0.199,kiln,vegetated,16 Sept 2014 and 28 April 2014
156,2,B_drop_only,2489,20,0.559,0.299,road,vegetated,10 Sept 2014
157,2,C_not_flagged,188885,74,0.806,0.795,vegetated,vegetated,25 May 2014
158,2,A_strict,1189,9,0.579,0.191,kiln,vegetated,16 Sept 2014 and 28 April 2014
159,2,B_drop_only,2489,5,0.511,0.259,kiln,vegetated,28 April 2014
160,2,B_drop_only,2489,2,0.655,0.263,built_up,not_vegetated,21 Sept 2014
161,2,C_not_flagged,188885,7,0.581,0.532,vegetated,vegetated,21 Sept 2014
162,2,B_drop_only,2489,41,0.573,0.292,vegetated,vegetated,21 Sept 2014
163,2,C_not_flagged,188885,120,0.635,0.568,vegetated,vegetated,21 Sept 2014
164,2,C_not_flagged,188885,45,0.806,0.781,vegetated,vegetated,21 June 2013 (no clear image in Sept 2014)
165,2,B_drop_only,2489,75,0.72,0.358,built_up,not_vegetated,21 Sept 2014
166,2,A_strict,1189,9,0.627,0.223,kiln,vegetated,16 Sept 2014 and 28 April 2014
167,2,B_drop_only,2489,1,0.652,0.234,bare_other,vegetated,28 April 2014
168,2,B_drop_only,2489,10,0.748,0.295,kiln,vegetated,13 April 2015
169,2,B_drop_only,2489,1,0.554,0.299,built_up,vegetated,slider at Sept 2014; status bar reads 31 Dec 2013
170,2,B_drop_only,2489,3,0.662,0.269,vegetated,vegetated,21 Sept 2014
171,2,B_drop_only,2489,29,0.674,0.377,kiln,vegetated,13 April 2015
172,2,A_strict,1189,2,0.525,0.128,built_up,vegetated,21 Sept 2014
173,2,C_not_flagged,188885,22,0.704,0.697,vegetated,unclear,17 Sept 2016 (no clear image in 2013-2015)
174,2,A_strict,1189,9,0.574,0.191,kiln,vegetated,16 Sept 2014 and 28 April 2014
175,2,A_strict,1189,9,0.607,0.163,kiln,vegetated,16 Sept 2014 and 28 April 2014
176,2,B_drop_only,2489,1,0.685,0.242,built_up,vegetated,21 Sept 2014
177,2,B_drop_only,2489,9,0.595,0.292,kiln,not_vegetated,21 Sept 2014
178,2,A_strict,1189,9,0.601,0.221,kiln,vegetated,16 Sept 2014 and 28 April 2014
179,2,B_drop_only,2489,9,0.64,0.383,built_up,not_vegetated,25 May 2014
180,2,C_not_flagged,188885,8,0.81,0.765,road,not_vegetated,Sept 2014 (as stated by author; day not recorded)
181,2,C_not_flagged,188885,5,0.806,0.768,vegetated,unclear,4 March 2017 (no clear image in 2013-2015; winter image; count as unclear in the before-check)
182,2,A_strict,1189,3,0.442,0.229,kiln,not_vegetated,25 May 2014
183,2,C_not_flagged,188885,115,0.803,0.698,vegetated,vegetated,21 Sept 2014
184,2,C_not_flagged,188885,1,0.474,0.542,road,not_vegetated,18 Sept 2014
185,2,B_drop_only,2489,82,0.642,0.363,built_up,not_vegetated,21 Sept 2014
186,2,B_drop_only,2489,64,0.78,0.293,vegetated,vegetated,30 Sept 2014
187,2,B_drop_only,2489,3,0.614,0.364,bare_other,vegetated,21 Sept 2014
188,2,A_strict,1189,9,0.638,0.176,kiln,vegetated,16 Sept 2014 and 28 April 2014
189,2,B_drop_only,2489,64,0.607,0.219,kiln,vegetated,30 Sept 2014
190,2,B_drop_only,2489,13,0.676,0.357,kiln,vegetated,16 Sept 2014
191,2,B_drop_only,2489,2,0.605,0.33,road,not_vegetated,21 Sept 2014
192,2,A_strict,1189,9,0.711,0.181,kiln,vegetated,25 May 2014
193,2,C_not_flagged,188885,4,0.61,0.563,bare_other,not_vegetated,13 Sept 2014
194,2,A_strict,1189,9,0.551,0.188,kiln,vegetated,16 Sept 2014 and 28 April 2014
195,2,B_drop_only,2489,11,0.782,0.361,kiln,vegetated,30 Sept 2014
196,2,B_drop_only,2489,10,0.675,0.276,kiln,vegetated,21 Sept 2014
197,2,B_drop_only,2489,29,0.62,0.291,kiln,vegetated,13 April 2015
198,2,B_drop_only,2489,10,0.807,0.296,kiln,vegetated,13 April 2015 (no clear image in Sept 2014)
199,2,B_drop_only,2489,9,0.644,0.317,kiln,vegetated,16 Sept 2014 and 28 April 2014
200,2,A_strict,1189,3,0.665,0.183,kiln,vegetated,25 May 2014 and 13 April 2015
201,2,B_drop_only,2489,3,0.658,0.229,kiln,vegetated,21 Sept 2014
202,2,A_strict,1189,9,0.584,0.166,kiln,vegetated,16 Sept 2014 and 28 April 2014
203,2,B_drop_only,2489,10,0.756,0.249,kiln,vegetated,30 Sept 2014
204,2,C_not_flagged,188885,8,0.778,0.849,vegetated,vegetated,12 Nov 2013
205,2,B_drop_only,2489,2,0.714,0.274,built_up,vegetated,21 Sept 2014
206,2,C_not_flagged,188885,38,0.657,0.73,vegetated,vegetated,16 Sept 2014
207,2,A_strict,1189,9,0.643,0.226,kiln,vegetated,28 April 2014
208,2,B_drop_only,2489,3,0.621,0.29,kiln,vegetated,21 Sept 2014
209,2,A_strict,1189,9,0.649,0.176,kiln,vegetated,16 Sept 2014 and 28 April 2014
210,2,C_not_flagged,188885,6,0.532,0.473,bare_other,vegetated,21 Sept 2014
211,2,B_drop_only,2489,3,0.661,0.243,kiln,vegetated,21 Sept 2014
212,2,C_not_flagged,188885,2,0.663,0.617,built_up,not_vegetated,21 Sept 2014
213,2,A_strict,1189,9,0.603,0.17,kiln,vegetated,28 April 2014
214,2,A_strict,1189,9,0.586,0.226,kiln,vegetated,16 Sept 2014 and 28 April 2014
215,2,B_drop_only,2489,3,0.62,0.241,kiln,vegetated,21 Sept 2014
216,2,C_not_flagged,188885,128,0.193,0.249,built_up,not_vegetated,25 May 2014
217,2,B_drop_only,2489,23,0.799,0.314,kiln,vegetated,13 April 2015 (no clear image in Sept 2014)
218,2,A_strict,1189,9,0.602,0.188,kiln,vegetated,16 Sept 2014 and 28 April 2014
219,2,B_drop_only,2489,2,0.6,0.332,built_up,vegetated,21 Sept 2014
220,2,C_not_flagged,188885,3,0.623,0.723,vegetated,vegetated,21 Sept 2014
221,2,B_drop_only,2489,15,0.707,0.234,road,vegetated,13 April 2015
222,2,B_drop_only,2489,9,0.666,0.233,kiln,vegetated,28 April 2014
223,2,B_drop_only,2489,64,0.724,0.236,kiln,vegetated,30 Sept 2014
224,2,B_drop_only,2489,15,0.704,0.24,road,vegetated,13 April 2015
225,2,A_strict,1189,9,0.619,0.157,kiln,vegetated,16 Sept 2014 and 28 April 2014
226,2,B_drop_only,2489,29,0.613,0.254,kiln,vegetated,13 April 2015
227,2,C_not_flagged,188885,16,0.651,0.712,vegetated,vegetated,21 Sept 2014
228,2,A_strict,1189,9,0.627,0.21,kiln,vegetated,28 April 2014
229,2,B_drop_only,2489,14,0.566,0.325,built_up,not_vegetated,18 Sept 2014
230,2,B_drop_only,2489,2,0.621,0.31,built_up,vegetated,17 Sept 2014
231,2,A_strict,1189,2,0.406,0.155,built_up,vegetated,10 Sept 2014
232,2,A_strict,1189,9,0.647,0.198,kiln,vegetated,16 Sept 2014 and 28 April 2014
233,2,B_drop_only,2489,50,0.78,0.299,kiln,vegetated,10 Sept 2014
234,2,A_strict,1189,3,0.677,0.216,kiln,vegetated,21 Sept 2014
235,2,A_strict,1189,9,0.59,0.169,kiln,vegetated,16 Sept 2014 and 28 April 2014
236,2,C_not_flagged,188885,52,0.606,0.612,vegetated,vegetated,21 Sept 2014
237,2,B_drop_only,2489,3,0.643,0.278,kiln,vegetated,21 Sept 2014
238,2,B_drop_only,2489,23,0.766,0.278,kiln,vegetated,16 Sept 2014
239,2,A_strict,1189,9,0.605,0.223,kiln,vegetated,16 Sept 2014 and 28 April 2014
240,2,B_drop_only,2489,36,0.779,0.251,vegetated,vegetated,21 Sept 2014
