point_id,lat,lon,stratum,terrace_id,p90_2013_15,p90_2023_25,my_label,in_kiln_field,final
1,33.943166,74.846715,A_strict,9,0.623,0.203,kiln_ground,,kiln
2,33.946687,74.849306,B_drop_only,9,0.547,0.249,kiln_ground,,kiln
3,33.946142,74.845735,A_strict,9,0.561,0.184,kiln_ground,,kiln
4,33.957871,74.982087,C_not_flagged,4,0.477,0.397,built_up,,built_up
5,33.935052,74.848677,A_strict,3,0.602,0.221,kiln_ground,,kiln
6,33.935879,74.861985,B_drop_only,3,0.608,0.278,kiln_ground,,kiln
7,34.022507,74.624636,B_drop_only,11,0.785,0.266,built_up,,built_up
8,33.998481,74.753383,B_drop_only,2,0.485,0.255,built_up,,built_up
9,34.024472,74.648674,C_not_flagged,31,0.835,0.595,vegetated,,vegetated
10,33.949121,74.848652,A_strict,9,0.608,0.23,kiln_ground,,kiln
11,33.912384,74.726695,C_not_flagged,13,0.793,0.789,vegetated,,vegetated
12,34.029592,74.641503,B_drop_only,64,0.515,0.277,road,yes,kiln
13,34.022638,74.670452,A_strict,10,0.689,0.217,bare_other,yes,kiln
14,34.009068,74.771221,C_not_flagged,2,0.518,0.516,vegetated,,vegetated
15,33.879135,74.983077,B_drop_only,1,0.552,0.227,bare_other,no,bare_other
16,34.016967,74.674373,B_drop_only,10,0.699,0.38,vegetated,,vegetated
17,34.006705,74.681885,B_drop_only,29,0.649,0.271,bare_other,yes,kiln
18,34.025467,74.619424,B_drop_only,11,0.765,0.291,built_up,,built_up
19,33.936149,74.86101,B_drop_only,3,0.662,0.288,bare_other,yes,kiln
20,33.96869,74.963575,B_drop_only,4,0.617,0.379,built_up,,built_up
21,33.996074,74.652689,B_drop_only,10,0.759,0.303,vegetated,,vegetated
22,33.838502,75.109217,C_not_flagged,8,0.778,0.776,vegetated,,vegetated
23,34.025282,74.64802,B_drop_only,31,0.76,0.325,vegetated,,vegetated
24,33.819811,75.131237,C_not_flagged,67,0.831,0.838,vegetated,,vegetated
25,33.947493,74.844434,A_strict,9,0.664,0.228,bare_other,yes,kiln
26,33.956433,74.703502,C_not_flagged,42,0.717,0.788,vegetated,,vegetated
27,34.014624,74.612974,B_drop_only,44,0.613,0.289,bare_other,yes,kiln
28,34.012599,74.660094,B_drop_only,23,0.778,0.273,kiln_ground,,kiln
29,34.005892,74.681563,B_drop_only,29,0.681,0.252,kiln_ground,,kiln
30,34.029315,74.639555,B_drop_only,64,0.503,0.29,bare_other,yes,kiln
31,34.027365,74.620715,B_drop_only,11,0.549,0.28,bare_other,no,bare_other
32,34.012471,74.616558,B_drop_only,61,0.548,0.318,bare_other,no,bare_other
33,34.028544,74.653531,B_drop_only,31,0.654,0.355,road,yes,kiln
34,34.094866,74.577811,C_not_flagged,92,0.777,0.746,vegetated,,vegetated
35,33.943439,74.848013,A_strict,9,0.637,0.176,bare_other,yes,kiln
36,34.013536,74.709152,A_strict,15,0.726,0.212,road,no,road
37,34.004767,74.665323,B_drop_only,10,0.775,0.259,kiln_ground,,kiln
38,34.018816,74.65812,B_drop_only,36,0.79,0.301,bare_other,no,bare_other
39,33.989352,74.791413,B_drop_only,2,0.514,0.264,built_up,,built_up
40,34.030543,74.69317,B_drop_only,17,0.776,0.238,bare_other,no,bare_other
41,34.029861,74.641177,A_strict,64,0.751,0.239,road,no,road
42,33.922581,74.829874,C_not_flagged,9,0.714,0.736,vegetated,,vegetated
43,33.916569,74.791266,C_not_flagged,27,0.724,0.592,vegetated,,vegetated
44,34.008222,74.753679,C_not_flagged,2,0.482,0.567,vegetated,,vegetated
45,33.945331,74.846711,A_strict,9,0.655,0.17,bare_other,yes,kiln
46,34.04067,74.636581,B_drop_only,50,0.807,0.343,vegetated,,vegetated
47,33.944521,74.848335,A_strict,9,0.587,0.19,bare_other,yes,kiln
48,33.911968,74.790628,C_not_flagged,27,0.609,0.564,bare_other,no,bare_other
49,34.028321,74.670755,B_drop_only,10,0.701,0.237,bare_other,no,bare_other
50,33.940995,74.841524,A_strict,9,0.668,0.182,bare_other,yes,kiln
51,34.006069,74.759209,B_drop_only,2,0.675,0.31,bare_other,no,bare_other
52,34.031698,74.621996,C_not_flagged,11,0.779,0.782,vegetated,,vegetated
53,33.870062,74.810841,C_not_flagged,38,0.652,0.677,vegetated,,vegetated
54,33.908282,74.862678,B_drop_only,3,0.61,0.351,bare_other,no,bare_other
55,33.944524,74.850608,A_strict,9,0.624,0.184,bare_other,yes,kiln
56,33.990657,74.764774,B_drop_only,2,0.787,0.264,road,no,road
57,33.86087,74.815726,C_not_flagged,88,0.577,0.656,vegetated,,vegetated
58,34.029842,74.634678,C_not_flagged,11,0.78,0.742,vegetated,,vegetated
59,34.014077,74.708825,B_drop_only,15,0.72,0.297,road,no,road
60,34.042197,74.605048,B_drop_only,46,0.717,0.373,bare_other,no,bare_other
61,33.868035,74.954536,C_not_flagged,1,0.755,0.731,vegetated,,vegetated
62,33.947768,74.84833,A_strict,9,0.656,0.172,bare_other,yes,kiln
63,33.948034,74.844758,A_strict,9,0.651,0.215,bare_other,yes,kiln
64,33.9475,74.850603,A_strict,9,0.625,0.219,bare_other,yes,kiln
65,34.029629,74.654502,B_drop_only,31,0.723,0.391,vegetated,,vegetated
66,34.012952,74.691284,C_not_flagged,15,0.742,0.81,vegetated,,vegetated
67,33.877512,74.983077,C_not_flagged,1,0.623,0.584,bare_other,no,bare_other
68,33.91863,75.049927,C_not_flagged,5,0.609,0.679,bare_other,no,bare_other
69,34.009335,74.769271,B_drop_only,2,0.596,0.387,road,no,road
70,34.017053,74.611013,B_drop_only,44,0.751,0.347,bare_other,unclear,unclear
71,34.008604,74.683827,B_drop_only,29,0.633,0.233,bare_other,no,bare_other
72,34.03339,74.645062,B_drop_only,64,0.794,0.284,road,no,road
73,33.933156,74.847057,A_strict,3,0.641,0.204,bare_other,yes,kiln
74,33.885319,75.100193,C_not_flagged,43,0.723,0.589,built_up,,built_up
75,34.003685,74.665328,B_drop_only,10,0.769,0.252,bare_other,yes,kiln
76,34.008177,74.627948,B_drop_only,11,0.588,0.346,bare_other,yes,kiln
77,34.025113,74.685716,B_drop_only,17,0.623,0.37,road,no,road
78,34.004408,74.973306,B_drop_only,6,0.67,0.397,bare_other,no,bare_other
79,33.880759,74.986321,B_drop_only,1,0.601,0.395,road,no,road
80,33.942886,74.838924,A_strict,9,0.688,0.168,bare_other,no,bare_other
81,33.841792,74.965575,B_drop_only,1,0.674,0.351,road,no,road
82,34.032416,74.684714,B_drop_only,17,0.675,0.255,road,yes,kiln
83,34.004572,74.694238,C_not_flagged,40,0.239,0.227,bare_other,yes,kiln
84,33.840173,74.986003,C_not_flagged,1,0.718,0.66,bare_other,no,bare_other
85,34.017515,74.676971,C_not_flagged,10,0.669,0.626,vegetated,,vegetated
86,34.035352,74.669428,B_drop_only,10,0.638,0.394,vegetated,,vegetated
87,33.920519,75.059989,B_drop_only,5,0.665,0.37,built_up,,built_up
88,33.9766,74.771308,B_drop_only,2,0.692,0.379,bare_other,no,bare_other
89,33.997223,74.806336,B_drop_only,2,0.545,0.32,built_up,,built_up
90,34.018278,74.659097,B_drop_only,36,0.58,0.297,bare_other,no,bare_other
91,34.024411,74.627877,B_drop_only,11,0.549,0.329,road,yes,kiln
92,33.998488,74.756956,C_not_flagged,2,0.587,0.534,bare_other,no,bare_other
93,33.942087,74.848664,A_strict,9,0.628,0.169,bare_other,yes,kiln
94,34.017241,74.675997,C_not_flagged,10,0.638,0.755,vegetated,,vegetated
95,33.94018,74.838604,A_strict,9,0.687,0.217,bare_other,yes,kiln
96,33.939643,74.841851,A_strict,9,0.764,0.206,bare_other,no,bare_other
97,33.847899,74.827104,C_not_flagged,28,0.85,0.805,vegetated,,vegetated
98,34.007585,74.611381,B_drop_only,44,0.771,0.34,bare_other,no,bare_other
99,33.980508,74.701145,C_not_flagged,32,0.746,0.747,vegetated,,vegetated
100,33.875501,74.829319,C_not_flagged,16,0.661,0.734,vegetated,,vegetated
101,34.026294,74.624294,B_drop_only,11,0.758,0.345,vegetated,,vegetated
102,33.838821,75.010322,C_not_flagged,1,0.694,0.757,vegetated,,vegetated
103,34.023316,74.623983,B_drop_only,11,0.812,0.311,bare_other,no,bare_other
104,33.968695,74.986632,C_not_flagged,4,0.648,0.487,bare_other,no,bare_other
105,33.880756,74.967505,C_not_flagged,1,0.546,0.658,road,no,road
106,34.041051,74.585878,B_drop_only,18,0.517,0.29,vegetated,,vegetated
107,33.988441,74.961293,C_not_flagged,7,0.644,0.563,bare_other,no,bare_other
108,34.019393,74.671115,B_drop_only,10,0.691,0.287,built_up,,built_up
109,34.028953,74.706824,B_drop_only,171,0.743,0.293,road,no,road
110,34.018045,74.672745,A_strict,10,0.659,0.227,bare_other,yes,kiln
111,33.946953,74.845409,A_strict,9,0.649,0.202,bare_other,no,bare_other
112,33.932349,74.850954,A_strict,3,0.73,0.198,bare_other,yes,kiln
113,33.99201,74.76477,B_drop_only,2,0.642,0.38,bare_other,no,bare_other
114,33.986653,74.794992,B_drop_only,2,0.507,0.273,built_up,,built_up
115,33.910447,74.863648,C_not_flagged,3,0.606,0.608,bare_other,no,bare_other
116,33.978164,74.978835,C_not_flagged,7,0.708,0.699,road,no,road
117,33.947221,74.843785,A_strict,9,0.699,0.161,bare_other,no,bare_other
118,34.012329,74.66042,B_drop_only,23,0.791,0.252,kiln_ground,,kiln
119,34.036208,74.686325,B_drop_only,17,0.686,0.385,vegetated,,vegetated
120,34.026009,74.619746,B_drop_only,11,0.781,0.309,bare_other,unclear,unclear
