year,usable,pixels,median_peak_ndvi_landsat,median_peak_ndvi_landsat89,bare_ha_landsat89
1990,False,952,0.474,,
1991,False,952,0.375,,
1992,False,952,0.174,,
1993,True,952,0.49,,
1994,True,952,0.499,,
1995,False,952,0.246,,
1996,False,952,0.533,,
1997,False,952,0.292,,
1998,True,952,0.619,,
1999,True,952,0.444,,
2000,True,952,0.452,,
2001,True,952,0.309,,
2002,True,952,0.51,,
2003,True,952,0.602,,
2004,True,952,0.44,,
2005,True,952,0.526,,
2006,True,952,0.52,,
2007,True,952,0.508,,
2008,True,952,0.468,,
2009,True,952,0.483,,
2010,True,952,0.599,,
2011,True,952,0.593,,
2012,True,952,0.489,,
2013,True,952,0.58,0.625,0.4
2014,True,952,0.582,0.591,2.8
2015,True,952,0.629,0.661,2.5
2016,True,952,0.577,0.619,6.8
2017,True,952,0.285,0.305,23.9
2018,True,952,0.214,0.226,74.6
2019,True,952,0.22,0.214,76.6
2020,True,952,0.203,0.216,78.1
2021,True,952,0.207,0.204,95.0
2022,True,952,0.199,0.189,104.3
2023,True,952,0.198,0.194,95.3
2024,True,952,0.182,0.178,109.8
2025,True,952,0.193,0.195,109.7
