terrace_id,map_px,karewa_fm,reworked,alluvium,cls,scarp_frac,area_km2,share_in_aoi,mean_elev
1,6360,0.331,0.429,0.24,rejected,0.051,53.657,0.002,1776.602
2,5341,0.39,0.39,0.219,rejected,0.109,44.757,0.509,1729.881
3,2509,0.937,0.0,0.063,scarp_bounded,0.649,21.904,0.663,1652.293
4,1566,0.651,0.001,0.349,scarp_bounded,0.65,14.124,0.951,1648.143
5,1490,0.108,0.823,0.068,ambiguous,0.215,12.505,0.835,1712.631
6,864,0.625,0.005,0.37,scarp_bounded,0.723,10.091,1.0,1671.516
7,1069,0.573,0.353,0.074,rejected,0.156,9.013,0.0,1824.825
8,796,0.98,0.0,0.02,scarp_bounded,0.529,7.72,1.0,1631.771
9,842,0.792,0.0,0.208,rejected,0.121,7.439,1.0,1749.403
10,783,1.0,0.0,0.0,scarp_bounded,0.624,6.764,1.0,1689.74
11,761,0.782,0.003,0.216,scarp_bounded,0.479,6.397,1.0,1618.843
12,695,1.0,0.0,0.0,scarp_bounded,0.544,5.987,0.0,1695.557
13,504,0.815,0.002,0.183,ambiguous,0.282,5.881,1.0,1631.461
14,675,0.556,0.001,0.443,ambiguous,0.289,5.711,1.0,1677.689
15,626,0.188,0.0,0.812,rejected,0.003,5.312,1.0,1651.995
16,535,0.049,0.813,0.138,rejected,0.143,4.587,0.955,1650.355
17,259,0.78,0.008,0.212,rejected,0.123,4.288,0.084,1607.043
18,362,0.862,0.0,0.138,rejected,0.083,3.177,1.0,1712.866
19,342,0.0,0.64,0.36,rejected,0.052,2.84,0.976,1696.795
20,281,0.249,0.004,0.747,scarp_bounded,0.479,2.718,1.0,1746.657
21,236,1.0,0.0,0.0,ambiguous,0.239,2.0,1.0,1759.741
22,185,0.659,0.005,0.335,scarp_bounded,0.814,1.873,1.0,1644.613
23,201,0.01,0.0,0.99,rejected,0.007,1.802,1.0,1708.184
24,215,0.0,0.172,0.828,rejected,0.0,1.785,1.0,1620.967
25,197,0.619,0.0,0.381,rejected,0.118,1.646,1.0,1749.336
26,195,1.0,0.0,0.0,scarp_bounded,0.756,1.63,1.0,1757.191
27,164,0.811,0.0,0.189,rejected,0.046,1.558,1.0,1659.752
28,183,1.0,0.0,0.0,scarp_bounded,0.645,1.486,1.0,1738.849
29,154,0.058,0.013,0.929,ambiguous,0.293,1.461,0.048,1620.888
30,158,0.0,0.0,1.0,ambiguous,0.238,1.32,1.0,1618.217
31,95,1.0,0.0,0.0,scarp_bounded,0.724,1.268,1.0,1928.139
32,140,1.0,0.0,0.0,scarp_bounded,0.528,1.173,1.0,1683.844
33,124,0.032,0.016,0.952,rejected,0.116,1.102,1.0,1650.584
34,128,0.953,0.0,0.047,rejected,0.198,1.088,1.0,1623.037
35,0,,,,rejected,0.01,0.966,1.0,1690.44
36,95,0.695,0.011,0.295,scarp_bounded,0.763,0.957,0.932,1639.022
37,109,1.0,0.0,0.0,scarp_bounded,0.785,0.912,1.0,1704.001
38,16,1.0,0.0,0.0,scarp_bounded,0.712,0.858,1.0,1843.246
39,108,1.0,0.0,0.0,scarp_bounded,0.743,0.842,1.0,1772.499
40,10,0.0,0.3,0.7,rejected,0.169,0.83,1.0,1871.888
41,96,0.656,0.0,0.344,rejected,0.151,0.81,1.0,1672.426
42,98,1.0,0.0,0.0,rejected,0.045,0.805,1.0,1649.024
43,91,0.0,0.033,0.967,rejected,0.026,0.761,1.0,1629.421
44,84,0.929,0.0,0.071,scarp_bounded,0.466,0.75,1.0,1650.408
45,92,1.0,0.0,0.0,rejected,0.168,0.74,1.0,1611.486
46,85,0.424,0.0,0.576,rejected,0.001,0.714,0.904,1823.086
47,88,0.466,0.0,0.534,rejected,0.029,0.71,0.643,1809.701
48,70,1.0,0.0,0.0,ambiguous,0.297,0.708,1.0,1665.21
49,11,0.091,0.0,0.909,rejected,0.075,0.674,1.0,1924.36
50,69,0.087,0.029,0.884,rejected,0.041,0.632,1.0,1665.445
51,69,0.188,0.029,0.783,ambiguous,0.224,0.597,1.0,1605.752
52,68,1.0,0.0,0.0,scarp_bounded,0.475,0.54,1.0,1608.859
53,61,0.557,0.0,0.443,scarp_bounded,0.591,0.518,0.083,1875.479
54,63,0.063,0.016,0.921,rejected,0.168,0.503,1.0,1628.262
55,54,0.0,0.0,1.0,scarp_bounded,0.743,0.488,0.946,1834.043
56,51,1.0,0.0,0.0,scarp_bounded,0.602,0.419,1.0,1645.378
57,0,,,,ambiguous,0.242,0.399,1.0,1932.991
58,0,,,,rejected,0.008,0.393,1.0,1654.333
59,3,1.0,0.0,0.0,ambiguous,0.344,0.367,1.0,1651.736
60,45,0.0,0.0,1.0,rejected,0.163,0.362,1.0,1602.686
61,8,1.0,0.0,0.0,rejected,0.012,0.351,1.0,1633.674
62,44,1.0,0.0,0.0,ambiguous,0.255,0.343,0.806,1754.825
63,41,0.0,0.0,1.0,rejected,0.081,0.338,1.0,1660.843
64,38,1.0,0.0,0.0,rejected,0.0,0.316,1.0,1687.543
65,41,0.0,1.0,0.0,rejected,0.024,0.313,1.0,1628.517
66,36,1.0,0.0,0.0,ambiguous,0.377,0.293,1.0,1661.672
67,37,1.0,0.0,0.0,rejected,0.0,0.288,1.0,1616.634
68,28,1.0,0.0,0.0,rejected,0.0,0.235,1.0,1634.186
69,24,0.0,0.0,1.0,ambiguous,0.394,0.214,1.0,1605.523
70,25,1.0,0.0,0.0,scarp_bounded,0.508,0.201,1.0,1901.334
71,24,0.917,0.0,0.083,rejected,0.185,0.201,1.0,1810.843
72,23,0.913,0.0,0.087,scarp_bounded,0.689,0.195,1.0,1849.442
73,18,1.0,0.0,0.0,scarp_bounded,0.594,0.191,1.0,1939.838
74,20,0.0,0.0,1.0,rejected,0.115,0.177,1.0,1709.539
75,2,1.0,0.0,0.0,rejected,0.171,0.175,1.0,1609.677
76,18,0.778,0.0,0.222,scarp_bounded,0.485,0.162,0.893,1859.738
77,18,1.0,0.0,0.0,scarp_bounded,0.587,0.16,0.261,1884.905
78,18,1.0,0.0,0.0,scarp_bounded,0.644,0.139,0.106,1646.058
79,12,1.0,0.0,0.0,scarp_bounded,0.833,0.139,1.0,1871.315
80,14,1.0,0.0,0.0,scarp_bounded,0.525,0.128,1.0,1762.375
81,0,,,,ambiguous,0.359,0.121,1.0,1778.022
82,14,1.0,0.0,0.0,scarp_bounded,0.571,0.119,1.0,1705.852
83,14,1.0,0.0,0.0,ambiguous,0.205,0.116,1.0,1618.168
84,0,,,,rejected,0.074,0.116,1.0,1668.507
85,15,0.0,0.0,1.0,rejected,0.0,0.116,1.0,1602.75
86,14,0.0,1.0,0.0,rejected,0.0,0.115,1.0,1671.704
87,9,0.333,0.0,0.667,rejected,0.172,0.115,1.0,1604.152
88,13,1.0,0.0,0.0,scarp_bounded,0.67,0.112,1.0,1622.817
89,13,1.0,0.0,0.0,ambiguous,0.211,0.105,1.0,1620.002
90,12,0.0,0.0,1.0,scarp_bounded,0.786,0.105,1.0,1632.377
91,0,,,,ambiguous,0.29,0.101,1.0,1740.03
92,10,1.0,0.0,0.0,ambiguous,0.245,0.097,1.0,1667.962
93,9,1.0,0.0,0.0,scarp_bounded,0.656,0.095,1.0,1944.902
94,11,1.0,0.0,0.0,scarp_bounded,0.55,0.093,1.0,1793.014
95,12,1.0,0.0,0.0,rejected,0.049,0.092,1.0,1622.885
96,10,1.0,0.0,0.0,rejected,0.0,0.09,1.0,1624.058
97,13,1.0,0.0,0.0,scarp_bounded,0.725,0.09,1.0,1773.159
98,11,1.0,0.0,0.0,scarp_bounded,0.502,0.089,1.0,1622.461
99,10,1.0,0.0,0.0,rejected,0.009,0.088,1.0,1737.568
100,12,1.0,0.0,0.0,scarp_bounded,0.803,0.087,1.0,1696.019
101,11,1.0,0.0,0.0,ambiguous,0.288,0.086,1.0,1693.587
102,10,0.9,0.0,0.1,scarp_bounded,0.679,0.084,1.0,1614.1
103,8,1.0,0.0,0.0,scarp_bounded,0.473,0.081,1.0,1882.109
104,11,1.0,0.0,0.0,scarp_bounded,0.495,0.078,1.0,1621.996
105,8,1.0,0.0,0.0,rejected,0.038,0.077,1.0,1713.9
106,9,1.0,0.0,0.0,rejected,0.0,0.076,1.0,1730.713
107,9,0.0,0.0,1.0,rejected,0.0,0.076,1.0,1642.283
108,10,1.0,0.0,0.0,ambiguous,0.278,0.074,1.0,1635.274
109,7,0.0,0.0,1.0,ambiguous,0.316,0.074,1.0,1627.555
110,9,1.0,0.0,0.0,scarp_bounded,0.716,0.074,1.0,1900.263
111,7,1.0,0.0,0.0,scarp_bounded,0.737,0.073,1.0,1689.515
112,8,1.0,0.0,0.0,scarp_bounded,0.794,0.072,1.0,1895.002
113,9,1.0,0.0,0.0,rejected,0.063,0.071,1.0,1756.391
114,7,0.0,0.0,1.0,rejected,0.135,0.069,1.0,1735.148
115,8,1.0,0.0,0.0,scarp_bounded,0.697,0.066,1.0,1910.229
116,5,1.0,0.0,0.0,ambiguous,0.323,0.066,1.0,1727.314
117,6,1.0,0.0,0.0,ambiguous,0.338,0.066,1.0,1628.757
118,7,1.0,0.0,0.0,scarp_bounded,0.818,0.065,1.0,1642.186
119,4,1.0,0.0,0.0,scarp_bounded,0.457,0.065,1.0,1609.515
120,8,1.0,0.0,0.0,scarp_bounded,0.747,0.062,1.0,1908.627
121,7,0.0,0.0,1.0,rejected,0.0,0.061,1.0,1651.152
122,9,1.0,0.0,0.0,scarp_bounded,0.771,0.06,1.0,1644.204
123,3,0.0,0.333,0.667,rejected,0.0,0.059,1.0,1634.668
124,0,,,,ambiguous,0.402,0.059,1.0,1689.614
