point_id,stratum,predicted_karewa
1,excluded_flat,False
2,other_valley,False
3,karewa,True
4,karewa,True
5,other_valley,False
6,karewa,True
7,karewa,True
8,boundary,True
9,boundary,True
10,karewa,True
11,other_valley,False
12,other_valley,False
13,excluded_flat,False
14,boundary,False
15,other_valley,False
16,other_valley,False
17,boundary,True
18,boundary,True
19,excluded_flat,False
20,karewa,True
21,other_valley,False
22,karewa,True
23,other_valley,False
24,boundary,True
25,boundary,False
26,boundary,True
27,karewa,True
28,karewa,True
29,karewa,True
30,excluded_flat,False
31,other_valley,False
32,other_valley,False
33,excluded_flat,False
34,excluded_flat,False
35,excluded_flat,False
36,karewa,True
37,other_valley,False
38,karewa,True
39,karewa,True
40,karewa,True
41,excluded_flat,False
42,boundary,False
43,other_valley,False
44,other_valley,False
45,karewa,True
46,excluded_flat,False
47,excluded_flat,False
48,other_valley,False
49,boundary,False
50,other_valley,False
51,karewa,True
52,karewa,True
53,excluded_flat,False
54,karewa,True
55,karewa,True
56,karewa,True
57,karewa,True
58,other_valley,False
59,other_valley,False
60,karewa,True
61,karewa,True
62,other_valley,False
63,boundary,True
64,other_valley,False
65,boundary,False
66,excluded_flat,False
67,boundary,True
68,other_valley,False
69,other_valley,False
70,boundary,False
71,excluded_flat,False
72,karewa,True
73,boundary,False
74,excluded_flat,False
75,boundary,True
76,karewa,True
77,karewa,True
78,other_valley,False
79,other_valley,False
80,other_valley,False
81,excluded_flat,False
82,karewa,True
83,karewa,True
84,karewa,True
85,other_valley,False
86,excluded_flat,False
87,karewa,True
88,karewa,True
89,other_valley,False
90,karewa,True
91,karewa,True
92,karewa,True
93,other_valley,False
94,other_valley,False
95,boundary,False
96,boundary,False
97,karewa,True
98,karewa,True
99,other_valley,False
100,karewa,True
101,karewa,True
102,other_valley,False
103,karewa,True
104,excluded_flat,False
105,other_valley,False
106,karewa,True
107,boundary,False
108,other_valley,False
109,excluded_flat,False
110,karewa,True
111,other_valley,False
112,boundary,True
113,excluded_flat,False
114,other_valley,False
115,other_valley,False
116,karewa,True
117,excluded_flat,False
118,boundary,True
119,excluded_flat,False
120,excluded_flat,False
121,boundary,True
122,excluded_flat,False
123,other_valley,False
124,excluded_flat,False
125,karewa,True
126,excluded_flat,False
127,other_valley,False
128,karewa,True
129,other_valley,False
130,excluded_flat,False
131,other_valley,False
132,other_valley,False
133,other_valley,False
134,karewa,True
135,other_valley,False
136,boundary,True
137,boundary,False
138,karewa,True
139,other_valley,False
140,karewa,True
141,boundary,False
142,boundary,True
143,other_valley,False
144,other_valley,False
145,other_valley,False
146,excluded_flat,False
147,excluded_flat,False
148,other_valley,False
149,karewa,True
150,excluded_flat,False
151,karewa,True
152,other_valley,False
153,other_valley,False
154,excluded_flat,False
155,other_valley,False
156,karewa,True
157,excluded_flat,False
158,excluded_flat,False
159,karewa,True
160,other_valley,False
161,karewa,True
162,excluded_flat,False
163,karewa,True
164,other_valley,False
165,excluded_flat,False
166,excluded_flat,False
167,other_valley,False
168,boundary,False
169,karewa,True
170,excluded_flat,False
171,excluded_flat,False
172,other_valley,False
173,other_valley,False
174,other_valley,False
175,other_valley,False
176,excluded_flat,False
177,karewa,True
178,boundary,True
179,karewa,True
180,other_valley,False
181,boundary,False
182,other_valley,False
183,other_valley,False
184,other_valley,False
185,other_valley,False
186,karewa,True
187,other_valley,False
188,boundary,False
189,excluded_flat,False
190,other_valley,False
191,boundary,True
192,other_valley,False
193,other_valley,False
194,karewa,True
195,excluded_flat,False
196,excluded_flat,False
197,other_valley,False
198,karewa,True
199,karewa,True
200,other_valley,False
201,excluded_flat,False
202,boundary,False
203,karewa,True
204,karewa,True
205,other_valley,False
206,excluded_flat,False
207,boundary,False
208,karewa,True
209,karewa,True
210,karewa,True
211,other_valley,False
212,other_valley,False
213,boundary,True
214,other_valley,False
215,excluded_flat,False
216,karewa,True
217,excluded_flat,False
218,excluded_flat,False
219,karewa,True
220,excluded_flat,False
221,boundary,True
222,boundary,True
223,other_valley,False
224,boundary,True
225,other_valley,False
226,other_valley,False
227,karewa,True
228,karewa,True
229,karewa,True
230,other_valley,False
231,karewa,True
232,karewa,True
233,karewa,True
234,karewa,True
235,karewa,True
236,karewa,True
237,karewa,True
238,excluded_flat,False
239,excluded_flat,False
240,other_valley,False
241,karewa,True
242,other_valley,False
243,karewa,True
244,karewa,True
245,karewa,True
246,excluded_flat,False
247,boundary,True
248,other_valley,False
249,karewa,True
250,other_valley,False
251,karewa,True
252,excluded_flat,False
253,excluded_flat,False
254,other_valley,False
255,boundary,True
256,karewa,True
257,boundary,True
258,other_valley,False
259,karewa,True
260,excluded_flat,False
261,other_valley,False
262,karewa,True
263,excluded_flat,False
264,other_valley,False
265,excluded_flat,False
266,karewa,True
267,boundary,False
268,boundary,False
269,karewa,True
270,excluded_flat,False
271,boundary,True
272,other_valley,False
273,karewa,True
274,karewa,True
275,karewa,True
276,excluded_flat,False
277,karewa,True
278,boundary,False
279,other_valley,False
280,karewa,True
281,excluded_flat,False
282,karewa,True
283,other_valley,False
284,other_valley,False
285,excluded_flat,False
286,boundary,False
287,excluded_flat,False
288,other_valley,False
289,boundary,True
290,excluded_flat,False
291,other_valley,False
292,other_valley,False
293,excluded_flat,False
294,karewa,True
295,boundary,False
296,excluded_flat,False
297,other_valley,False
298,other_valley,False
299,karewa,True
300,other_valley,False
301,boundary,True
302,other_valley,False
303,excluded_flat,False
304,excluded_flat,False
305,excluded_flat,False
306,karewa,True
307,excluded_flat,False
308,other_valley,False
309,karewa,True
310,other_valley,False
311,excluded_flat,False
312,karewa,True
313,boundary,True
314,excluded_flat,False
315,karewa,True
316,karewa,True
317,excluded_flat,False
318,karewa,True
319,karewa,True
320,excluded_flat,False
321,karewa,True
322,other_valley,False
323,karewa,True
324,other_valley,False
325,karewa,True
326,other_valley,False
327,other_valley,False
328,karewa,True
329,excluded_flat,False
330,other_valley,False
331,other_valley,False
332,excluded_flat,False
333,other_valley,False
334,boundary,False
335,excluded_flat,False
336,excluded_flat,False
337,excluded_flat,False
338,other_valley,False
339,other_valley,False
340,excluded_flat,False
341,other_valley,False
342,karewa,True
343,other_valley,False
344,excluded_flat,False
345,other_valley,False
346,other_valley,False
347,boundary,False
348,karewa,True
349,excluded_flat,False
350,excluded_flat,False
351,karewa,True
352,other_valley,False
353,karewa,True
354,karewa,True
355,other_valley,False
356,boundary,False
357,boundary,True
358,other_valley,False
359,karewa,True
360,karewa,True
361,karewa,True
362,other_valley,False
363,other_valley,False
364,other_valley,False
365,excluded_flat,False
366,karewa,True
367,other_valley,False
368,other_valley,False
369,boundary,True
370,karewa,True
371,karewa,True
372,other_valley,False
373,karewa,True
374,other_valley,False
375,other_valley,False
376,karewa,True
377,other_valley,False
378,excluded_flat,False
379,other_valley,False
380,karewa,True
381,karewa,True
382,other_valley,False
383,karewa,True
384,other_valley,False
385,karewa,True
386,excluded_flat,False
387,excluded_flat,False
388,karewa,True
389,other_valley,False
390,karewa,True
391,karewa,True
392,other_valley,False
393,excluded_flat,False
394,karewa,True
395,other_valley,False
396,excluded_flat,False
397,karewa,True
398,other_valley,False
399,other_valley,False
400,other_valley,False
401,excluded_flat,False
402,karewa,True
403,karewa,True
404,boundary,True
405,karewa,True
406,karewa,True
407,excluded_flat,False
408,boundary,True
409,other_valley,False
410,karewa,True
411,other_valley,False
412,karewa,True
413,boundary,False
414,other_valley,False
415,other_valley,False
416,excluded_flat,False
417,excluded_flat,False
418,other_valley,False
419,karewa,True
420,karewa,True
421,excluded_flat,False
422,excluded_flat,False
423,other_valley,False
424,karewa,True
425,excluded_flat,False
426,karewa,True
427,boundary,False
428,other_valley,False
429,other_valley,False
430,excluded_flat,False
431,other_valley,False
432,karewa,True
433,other_valley,False
434,karewa,True
435,other_valley,False
436,other_valley,False
437,karewa,True
438,karewa,True
439,karewa,True
440,excluded_flat,False
441,other_valley,False
442,other_valley,False
443,excluded_flat,False
444,other_valley,False
445,karewa,True
446,boundary,False
447,karewa,True
448,other_valley,False
449,karewa,True
450,karewa,True
451,karewa,True
452,excluded_flat,False
453,other_valley,False
454,other_valley,False
455,boundary,False
456,other_valley,False
457,excluded_flat,False
458,excluded_flat,False
459,excluded_flat,False
460,karewa,True
