point_id,lat,lon,google_maps,reference_label,labeller,notes
1,33.959264,75.104511,"https://www.google.com/maps/@33.959264,75.104511,16z/data=!3m1!1e3",,,
2,34.105092,74.825155,"https://www.google.com/maps/@34.105092,74.825155,16z/data=!3m1!1e3",,,
3,33.961112,74.984057,"https://www.google.com/maps/@33.961112,74.984057,16z/data=!3m1!1e3",,,
4,34.006105,74.932172,"https://www.google.com/maps/@34.006105,74.932172,16z/data=!3m1!1e3",,,
5,33.856521,75.148018,"https://www.google.com/maps/@33.856521,75.148018,16z/data=!3m1!1e3",,,
6,33.872743,74.825732,"https://www.google.com/maps/@33.872743,74.825732,16z/data=!3m1!1e3",,,
7,34.002598,74.960595,"https://www.google.com/maps/@34.002598,74.960595,16z/data=!3m1!1e3",,,
8,33.859772,74.815864,"https://www.google.com/maps/@33.859772,74.815864,16z/data=!3m1!1e3",,,
9,33.908326,74.831843,"https://www.google.com/maps/@33.908326,74.831843,16z/data=!3m1!1e3",,,
10,33.913492,74.794223,"https://www.google.com/maps/@33.913492,74.794223,16z/data=!3m1!1e3",,,
11,34.019743,74.763671,"https://www.google.com/maps/@34.019743,74.763671,16z/data=!3m1!1e3",,,
12,33.97958,75.012236,"https://www.google.com/maps/@33.97958,75.012236,16z/data=!3m1!1e3",,,
13,33.850447,74.901067,"https://www.google.com/maps/@33.850447,74.901067,16z/data=!3m1!1e3",,,
14,33.909297,75.048258,"https://www.google.com/maps/@33.909297,75.048258,16z/data=!3m1!1e3",,,
15,34.064451,74.809014,"https://www.google.com/maps/@34.064451,74.809014,16z/data=!3m1!1e3",,,
16,33.891264,74.769255,"https://www.google.com/maps/@33.891264,74.769255,16z/data=!3m1!1e3",,,
17,33.942671,74.835253,"https://www.google.com/maps/@33.942671,74.835253,16z/data=!3m1!1e3",,,
18,34.00021,74.942662,"https://www.google.com/maps/@34.00021,74.942662,16z/data=!3m1!1e3",,,
19,33.869346,74.925216,"https://www.google.com/maps/@33.869346,74.925216,16z/data=!3m1!1e3",,,
20,33.851703,74.955073,"https://www.google.com/maps/@33.851703,74.955073,16z/data=!3m1!1e3",,,
21,33.921055,74.860316,"https://www.google.com/maps/@33.921055,74.860316,16z/data=!3m1!1e3",,,
22,33.9778,74.971432,"https://www.google.com/maps/@33.9778,74.971432,16z/data=!3m1!1e3",,,
23,33.971802,74.79327,"https://www.google.com/maps/@33.971802,74.79327,16z/data=!3m1!1e3",,,
24,34.004519,74.930358,"https://www.google.com/maps/@34.004519,74.930358,16z/data=!3m1!1e3",,,
25,33.956139,74.989488,"https://www.google.com/maps/@33.956139,74.989488,16z/data=!3m1!1e3",,,
26,33.85669,74.986585,"https://www.google.com/maps/@33.85669,74.986585,16z/data=!3m1!1e3",,,
27,33.931781,74.865557,"https://www.google.com/maps/@33.931781,74.865557,16z/data=!3m1!1e3",,,
28,34.009768,74.977182,"https://www.google.com/maps/@34.009768,74.977182,16z/data=!3m1!1e3",,,
29,33.881789,74.830943,"https://www.google.com/maps/@33.881789,74.830943,16z/data=!3m1!1e3",,,
30,33.914778,75.081522,"https://www.google.com/maps/@33.914778,75.081522,16z/data=!3m1!1e3",,,
31,34.012346,74.815676,"https://www.google.com/maps/@34.012346,74.815676,16z/data=!3m1!1e3",,,
32,34.078542,74.971827,"https://www.google.com/maps/@34.078542,74.971827,16z/data=!3m1!1e3",,,
33,33.926912,75.114349,"https://www.google.com/maps/@33.926912,75.114349,16z/data=!3m1!1e3",,,
34,33.946811,74.775946,"https://www.google.com/maps/@33.946811,74.775946,16z/data=!3m1!1e3",,,
35,34.036242,74.955875,"https://www.google.com/maps/@34.036242,74.955875,16z/data=!3m1!1e3",,,
36,34.011391,74.752167,"https://www.google.com/maps/@34.011391,74.752167,16z/data=!3m1!1e3",,,
37,33.859126,74.77197,"https://www.google.com/maps/@33.859126,74.77197,16z/data=!3m1!1e3",,,
38,33.917878,74.824261,"https://www.google.com/maps/@33.917878,74.824261,16z/data=!3m1!1e3",,,
39,33.879562,75.060621,"https://www.google.com/maps/@33.879562,75.060621,16z/data=!3m1!1e3",,,
40,34.006682,74.936544,"https://www.google.com/maps/@34.006682,74.936544,16z/data=!3m1!1e3",,,
41,33.928262,75.11855,"https://www.google.com/maps/@33.928262,75.11855,16z/data=!3m1!1e3",,,
42,33.869255,75.078724,"https://www.google.com/maps/@33.869255,75.078724,16z/data=!3m1!1e3",,,
43,33.924397,74.960023,"https://www.google.com/maps/@33.924397,74.960023,16z/data=!3m1!1e3",,,
44,33.936585,75.055475,"https://www.google.com/maps/@33.936585,75.055475,16z/data=!3m1!1e3",,,
45,33.916627,75.06733,"https://www.google.com/maps/@33.916627,75.06733,16z/data=!3m1!1e3",,,
46,33.868334,74.853108,"https://www.google.com/maps/@33.868334,74.853108,16z/data=!3m1!1e3",,,
47,33.948378,74.777878,"https://www.google.com/maps/@33.948378,74.777878,16z/data=!3m1!1e3",,,
48,34.130324,74.93441,"https://www.google.com/maps/@34.130324,74.93441,16z/data=!3m1!1e3",,,
49,33.857758,74.793024,"https://www.google.com/maps/@33.857758,74.793024,16z/data=!3m1!1e3",,,
50,33.852208,74.778369,"https://www.google.com/maps/@33.852208,74.778369,16z/data=!3m1!1e3",,,
51,33.980231,74.937519,"https://www.google.com/maps/@33.980231,74.937519,16z/data=!3m1!1e3",,,
52,33.884818,74.824396,"https://www.google.com/maps/@33.884818,74.824396,16z/data=!3m1!1e3",,,
53,33.866128,74.902913,"https://www.google.com/maps/@33.866128,74.902913,16z/data=!3m1!1e3",,,
54,33.982642,74.965757,"https://www.google.com/maps/@33.982642,74.965757,16z/data=!3m1!1e3",,,
55,33.969368,74.929538,"https://www.google.com/maps/@33.969368,74.929538,16z/data=!3m1!1e3",,,
56,33.969594,74.943724,"https://www.google.com/maps/@33.969594,74.943724,16z/data=!3m1!1e3",,,
57,33.91083,74.832038,"https://www.google.com/maps/@33.91083,74.832038,16z/data=!3m1!1e3",,,
58,33.857959,75.12935,"https://www.google.com/maps/@33.857959,75.12935,16z/data=!3m1!1e3",,,
59,34.088048,74.894635,"https://www.google.com/maps/@34.088048,74.894635,16z/data=!3m1!1e3",,,
60,34.001905,74.95001,"https://www.google.com/maps/@34.001905,74.95001,16z/data=!3m1!1e3",,,
61,33.989486,74.80218,"https://www.google.com/maps/@33.989486,74.80218,16z/data=!3m1!1e3",,,
62,34.113143,74.882568,"https://www.google.com/maps/@34.113143,74.882568,16z/data=!3m1!1e3",,,
63,33.889102,74.761616,"https://www.google.com/maps/@33.889102,74.761616,16z/data=!3m1!1e3",,,
64,34.13313,74.818004,"https://www.google.com/maps/@34.13313,74.818004,16z/data=!3m1!1e3",,,
65,33.9798,74.93899,"https://www.google.com/maps/@33.9798,74.93899,16z/data=!3m1!1e3",,,
66,33.943692,75.119417,"https://www.google.com/maps/@33.943692,75.119417,16z/data=!3m1!1e3",,,
67,33.861278,74.808302,"https://www.google.com/maps/@33.861278,74.808302,16z/data=!3m1!1e3",,,
68,34.083647,74.808987,"https://www.google.com/maps/@34.083647,74.808987,16z/data=!3m1!1e3",,,
69,33.865241,74.940514,"https://www.google.com/maps/@33.865241,74.940514,16z/data=!3m1!1e3",,,
70,34.008424,74.940519,"https://www.google.com/maps/@34.008424,74.940519,16z/data=!3m1!1e3",,,
71,33.90923,75.082292,"https://www.google.com/maps/@33.90923,75.082292,16z/data=!3m1!1e3",,,
72,33.876333,74.953874,"https://www.google.com/maps/@33.876333,74.953874,16z/data=!3m1!1e3",,,
73,33.990297,74.956624,"https://www.google.com/maps/@33.990297,74.956624,16z/data=!3m1!1e3",,,
74,33.851023,74.81543,"https://www.google.com/maps/@33.851023,74.81543,16z/data=!3m1!1e3",,,
75,33.892177,74.835871,"https://www.google.com/maps/@33.892177,74.835871,16z/data=!3m1!1e3",,,
76,33.999312,74.783567,"https://www.google.com/maps/@33.999312,74.783567,16z/data=!3m1!1e3",,,
77,34.002398,74.751833,"https://www.google.com/maps/@34.002398,74.751833,16z/data=!3m1!1e3",,,
78,33.97493,74.991084,"https://www.google.com/maps/@33.97493,74.991084,16z/data=!3m1!1e3",,,
79,33.992211,74.942973,"https://www.google.com/maps/@33.992211,74.942973,16z/data=!3m1!1e3",,,
80,33.936354,74.805992,"https://www.google.com/maps/@33.936354,74.805992,16z/data=!3m1!1e3",,,
81,34.107826,74.811099,"https://www.google.com/maps/@34.107826,74.811099,16z/data=!3m1!1e3",,,
82,33.968733,74.949157,"https://www.google.com/maps/@33.968733,74.949157,16z/data=!3m1!1e3",,,
83,33.901085,74.799734,"https://www.google.com/maps/@33.901085,74.799734,16z/data=!3m1!1e3",,,
84,33.998511,74.771021,"https://www.google.com/maps/@33.998511,74.771021,16z/data=!3m1!1e3",,,
85,34.017345,75.030677,"https://www.google.com/maps/@34.017345,75.030677,16z/data=!3m1!1e3",,,
86,33.895877,74.888741,"https://www.google.com/maps/@33.895877,74.888741,16z/data=!3m1!1e3",,,
87,33.986893,74.791671,"https://www.google.com/maps/@33.986893,74.791671,16z/data=!3m1!1e3",,,
88,33.928086,74.854399,"https://www.google.com/maps/@33.928086,74.854399,16z/data=!3m1!1e3",,,
89,33.988795,74.910458,"https://www.google.com/maps/@33.988795,74.910458,16z/data=!3m1!1e3",,,
90,33.986454,74.794404,"https://www.google.com/maps/@33.986454,74.794404,16z/data=!3m1!1e3",,,
91,33.880154,74.973822,"https://www.google.com/maps/@33.880154,74.973822,16z/data=!3m1!1e3",,,
92,33.905731,74.96302,"https://www.google.com/maps/@33.905731,74.96302,16z/data=!3m1!1e3",,,
93,33.922163,74.887218,"https://www.google.com/maps/@33.922163,74.887218,16z/data=!3m1!1e3",,,
94,34.014605,74.814492,"https://www.google.com/maps/@34.014605,74.814492,16z/data=!3m1!1e3",,,
95,33.896333,74.754615,"https://www.google.com/maps/@33.896333,74.754615,16z/data=!3m1!1e3",,,
96,33.901186,75.043629,"https://www.google.com/maps/@33.901186,75.043629,16z/data=!3m1!1e3",,,
97,33.999178,74.945736,"https://www.google.com/maps/@33.999178,74.945736,16z/data=!3m1!1e3",,,
98,33.911841,74.791955,"https://www.google.com/maps/@33.911841,74.791955,16z/data=!3m1!1e3",,,
99,34.081766,74.835051,"https://www.google.com/maps/@34.081766,74.835051,16z/data=!3m1!1e3",,,
100,33.980351,74.927699,"https://www.google.com/maps/@33.980351,74.927699,16z/data=!3m1!1e3",,,
101,33.872551,74.813887,"https://www.google.com/maps/@33.872551,74.813887,16z/data=!3m1!1e3",,,
102,33.96342,75.001854,"https://www.google.com/maps/@33.96342,75.001854,16z/data=!3m1!1e3",,,
103,33.925578,75.052867,"https://www.google.com/maps/@33.925578,75.052867,16z/data=!3m1!1e3",,,
104,33.870443,74.841815,"https://www.google.com/maps/@33.870443,74.841815,16z/data=!3m1!1e3",,,
105,33.914643,75.110388,"https://www.google.com/maps/@33.914643,75.110388,16z/data=!3m1!1e3",,,
106,33.968728,74.958371,"https://www.google.com/maps/@33.968728,74.958371,16z/data=!3m1!1e3",,,
107,33.987573,74.783251,"https://www.google.com/maps/@33.987573,74.783251,16z/data=!3m1!1e3",,,
108,34.102829,74.883449,"https://www.google.com/maps/@34.102829,74.883449,16z/data=!3m1!1e3",,,
109,33.938056,74.7957,"https://www.google.com/maps/@33.938056,74.7957,16z/data=!3m1!1e3",,,
110,33.851804,75.000923,"https://www.google.com/maps/@33.851804,75.000923,16z/data=!3m1!1e3",,,
111,33.988562,74.762815,"https://www.google.com/maps/@33.988562,74.762815,16z/data=!3m1!1e3",,,
112,33.864103,74.789154,"https://www.google.com/maps/@33.864103,74.789154,16z/data=!3m1!1e3",,,
113,33.961017,74.753347,"https://www.google.com/maps/@33.961017,74.753347,16z/data=!3m1!1e3",,,
114,33.897401,75.019386,"https://www.google.com/maps/@33.897401,75.019386,16z/data=!3m1!1e3",,,
115,34.147724,74.751498,"https://www.google.com/maps/@34.147724,74.751498,16z/data=!3m1!1e3",,,
116,33.966923,74.978092,"https://www.google.com/maps/@33.966923,74.978092,16z/data=!3m1!1e3",,,
117,33.978274,74.750881,"https://www.google.com/maps/@33.978274,74.750881,16z/data=!3m1!1e3",,,
118,33.930556,74.802078,"https://www.google.com/maps/@33.930556,74.802078,16z/data=!3m1!1e3",,,
119,33.859268,74.860567,"https://www.google.com/maps/@33.859268,74.860567,16z/data=!3m1!1e3",,,
120,33.956103,75.112618,"https://www.google.com/maps/@33.956103,75.112618,16z/data=!3m1!1e3",,,
121,33.879325,74.990617,"https://www.google.com/maps/@33.879325,74.990617,16z/data=!3m1!1e3",,,
122,33.882668,74.881398,"https://www.google.com/maps/@33.882668,74.881398,16z/data=!3m1!1e3",,,
123,33.995278,74.831447,"https://www.google.com/maps/@33.995278,74.831447,16z/data=!3m1!1e3",,,
124,33.914075,75.082094,"https://www.google.com/maps/@33.914075,75.082094,16z/data=!3m1!1e3",,,
125,33.899439,74.809619,"https://www.google.com/maps/@33.899439,74.809619,16z/data=!3m1!1e3",,,
126,34.004604,75.018628,"https://www.google.com/maps/@34.004604,75.018628,16z/data=!3m1!1e3",,,
127,34.079976,74.808572,"https://www.google.com/maps/@34.079976,74.808572,16z/data=!3m1!1e3",,,
128,33.978389,74.975673,"https://www.google.com/maps/@33.978389,74.975673,16z/data=!3m1!1e3",,,
129,33.85901,74.925531,"https://www.google.com/maps/@33.85901,74.925531,16z/data=!3m1!1e3",,,
130,33.917955,75.11598,"https://www.google.com/maps/@33.917955,75.11598,16z/data=!3m1!1e3",,,
131,34.030575,74.830188,"https://www.google.com/maps/@34.030575,74.830188,16z/data=!3m1!1e3",,,
132,33.914032,74.818036,"https://www.google.com/maps/@33.914032,74.818036,16z/data=!3m1!1e3",,,
133,34.042834,75.02638,"https://www.google.com/maps/@34.042834,75.02638,16z/data=!3m1!1e3",,,
134,33.989457,74.987266,"https://www.google.com/maps/@33.989457,74.987266,16z/data=!3m1!1e3",,,
135,34.134304,74.8106,"https://www.google.com/maps/@34.134304,74.8106,16z/data=!3m1!1e3",,,
136,33.938627,74.85899,"https://www.google.com/maps/@33.938627,74.85899,16z/data=!3m1!1e3",,,
137,33.964175,74.939619,"https://www.google.com/maps/@33.964175,74.939619,16z/data=!3m1!1e3",,,
138,34.004805,74.951543,"https://www.google.com/maps/@34.004805,74.951543,16z/data=!3m1!1e3",,,
139,34.03828,74.938051,"https://www.google.com/maps/@34.03828,74.938051,16z/data=!3m1!1e3",,,
140,33.925265,75.049213,"https://www.google.com/maps/@33.925265,75.049213,16z/data=!3m1!1e3",,,
141,33.914141,74.871187,"https://www.google.com/maps/@33.914141,74.871187,16z/data=!3m1!1e3",,,
142,34.005857,74.935129,"https://www.google.com/maps/@34.005857,74.935129,16z/data=!3m1!1e3",,,
143,33.853848,75.086828,"https://www.google.com/maps/@33.853848,75.086828,16z/data=!3m1!1e3",,,
144,33.936748,75.086796,"https://www.google.com/maps/@33.936748,75.086796,16z/data=!3m1!1e3",,,
145,33.963794,74.928491,"https://www.google.com/maps/@33.963794,74.928491,16z/data=!3m1!1e3",,,
146,33.974109,75.08567,"https://www.google.com/maps/@33.974109,75.08567,16z/data=!3m1!1e3",,,
147,33.913408,75.084122,"https://www.google.com/maps/@33.913408,75.084122,16z/data=!3m1!1e3",,,
148,33.942519,75.029015,"https://www.google.com/maps/@33.942519,75.029015,16z/data=!3m1!1e3",,,
149,33.929121,75.063977,"https://www.google.com/maps/@33.929121,75.063977,16z/data=!3m1!1e3",,,
150,33.919692,74.763278,"https://www.google.com/maps/@33.919692,74.763278,16z/data=!3m1!1e3",,,
151,33.996208,74.801583,"https://www.google.com/maps/@33.996208,74.801583,16z/data=!3m1!1e3",,,
152,34.050581,74.915468,"https://www.google.com/maps/@34.050581,74.915468,16z/data=!3m1!1e3",,,
153,34.042652,74.783599,"https://www.google.com/maps/@34.042652,74.783599,16z/data=!3m1!1e3",,,
154,33.949994,74.837317,"https://www.google.com/maps/@33.949994,74.837317,16z/data=!3m1!1e3",,,
155,33.881645,75.005476,"https://www.google.com/maps/@33.881645,75.005476,16z/data=!3m1!1e3",,,
156,33.885915,74.831646,"https://www.google.com/maps/@33.885915,74.831646,16z/data=!3m1!1e3",,,
157,33.855761,74.925272,"https://www.google.com/maps/@33.855761,74.925272,16z/data=!3m1!1e3",,,
158,33.95626,75.089452,"https://www.google.com/maps/@33.95626,75.089452,16z/data=!3m1!1e3",,,
159,33.851062,74.960421,"https://www.google.com/maps/@33.851062,74.960421,16z/data=!3m1!1e3",,,
160,34.117008,74.890263,"https://www.google.com/maps/@34.117008,74.890263,16z/data=!3m1!1e3",,,
161,33.929392,74.866629,"https://www.google.com/maps/@33.929392,74.866629,16z/data=!3m1!1e3",,,
162,33.888457,74.909427,"https://www.google.com/maps/@33.888457,74.909427,16z/data=!3m1!1e3",,,
163,33.89584,74.826894,"https://www.google.com/maps/@33.89584,74.826894,16z/data=!3m1!1e3",,,
164,34.128378,74.934098,"https://www.google.com/maps/@34.128378,74.934098,16z/data=!3m1!1e3",,,
165,33.932083,74.768066,"https://www.google.com/maps/@33.932083,74.768066,16z/data=!3m1!1e3",,,
166,33.953571,74.986575,"https://www.google.com/maps/@33.953571,74.986575,16z/data=!3m1!1e3",,,
167,33.874501,74.776491,"https://www.google.com/maps/@33.874501,74.776491,16z/data=!3m1!1e3",,,
168,34.006877,74.958355,"https://www.google.com/maps/@34.006877,74.958355,16z/data=!3m1!1e3",,,
169,33.97435,74.793933,"https://www.google.com/maps/@33.97435,74.793933,16z/data=!3m1!1e3",,,
170,33.85907,74.84469,"https://www.google.com/maps/@33.85907,74.84469,16z/data=!3m1!1e3",,,
171,33.886974,74.874269,"https://www.google.com/maps/@33.886974,74.874269,16z/data=!3m1!1e3",,,
172,33.91612,74.994744,"https://www.google.com/maps/@33.91612,74.994744,16z/data=!3m1!1e3",,,
173,33.892416,74.8724,"https://www.google.com/maps/@33.892416,74.8724,16z/data=!3m1!1e3",,,
174,33.91921,74.939118,"https://www.google.com/maps/@33.91921,74.939118,16z/data=!3m1!1e3",,,
175,34.007611,74.829962,"https://www.google.com/maps/@34.007611,74.829962,16z/data=!3m1!1e3",,,
176,33.951381,75.133184,"https://www.google.com/maps/@33.951381,75.133184,16z/data=!3m1!1e3",,,
177,33.998141,74.954264,"https://www.google.com/maps/@33.998141,74.954264,16z/data=!3m1!1e3",,,
178,33.86124,74.793001,"https://www.google.com/maps/@33.86124,74.793001,16z/data=!3m1!1e3",,,
179,33.859194,74.945678,"https://www.google.com/maps/@33.859194,74.945678,16z/data=!3m1!1e3",,,
180,34.084092,74.75742,"https://www.google.com/maps/@34.084092,74.75742,16z/data=!3m1!1e3",,,
181,33.863104,75.072964,"https://www.google.com/maps/@33.863104,75.072964,16z/data=!3m1!1e3",,,
182,33.921405,74.981169,"https://www.google.com/maps/@33.921405,74.981169,16z/data=!3m1!1e3",,,
183,34.007038,75.006274,"https://www.google.com/maps/@34.007038,75.006274,16z/data=!3m1!1e3",,,
184,34.107528,74.766567,"https://www.google.com/maps/@34.107528,74.766567,16z/data=!3m1!1e3",,,
185,33.866831,74.782561,"https://www.google.com/maps/@33.866831,74.782561,16z/data=!3m1!1e3",,,
186,34.007768,74.932123,"https://www.google.com/maps/@34.007768,74.932123,16z/data=!3m1!1e3",,,
187,33.957185,74.960261,"https://www.google.com/maps/@33.957185,74.960261,16z/data=!3m1!1e3",,,
188,34.016662,74.763347,"https://www.google.com/maps/@34.016662,74.763347,16z/data=!3m1!1e3",,,
189,34.030548,75.018296,"https://www.google.com/maps/@34.030548,75.018296,16z/data=!3m1!1e3",,,
190,33.869112,74.786812,"https://www.google.com/maps/@33.869112,74.786812,16z/data=!3m1!1e3",,,
191,33.978896,74.93255,"https://www.google.com/maps/@33.978896,74.93255,16z/data=!3m1!1e3",,,
192,33.9142,74.928699,"https://www.google.com/maps/@33.9142,74.928699,16z/data=!3m1!1e3",,,
193,34.056067,74.829595,"https://www.google.com/maps/@34.056067,74.829595,16z/data=!3m1!1e3",,,
194,33.988253,74.977921,"https://www.google.com/maps/@33.988253,74.977921,16z/data=!3m1!1e3",,,
195,33.96033,75.101534,"https://www.google.com/maps/@33.96033,75.101534,16z/data=!3m1!1e3",,,
196,33.93182,75.119151,"https://www.google.com/maps/@33.93182,75.119151,16z/data=!3m1!1e3",,,
197,33.907291,74.973949,"https://www.google.com/maps/@33.907291,74.973949,16z/data=!3m1!1e3",,,
198,33.900314,74.96387,"https://www.google.com/maps/@33.900314,74.96387,16z/data=!3m1!1e3",,,
199,33.894375,74.839742,"https://www.google.com/maps/@33.894375,74.839742,16z/data=!3m1!1e3",,,
200,33.950011,75.145756,"https://www.google.com/maps/@33.950011,75.145756,16z/data=!3m1!1e3",,,
201,33.911646,75.084187,"https://www.google.com/maps/@33.911646,75.084187,16z/data=!3m1!1e3",,,
202,33.905241,74.842192,"https://www.google.com/maps/@33.905241,74.842192,16z/data=!3m1!1e3",,,
203,33.89689,74.825031,"https://www.google.com/maps/@33.89689,74.825031,16z/data=!3m1!1e3",,,
204,34.00028,74.952745,"https://www.google.com/maps/@34.00028,74.952745,16z/data=!3m1!1e3",,,
205,33.856307,74.790566,"https://www.google.com/maps/@33.856307,74.790566,16z/data=!3m1!1e3",,,
206,33.876694,74.914915,"https://www.google.com/maps/@33.876694,74.914915,16z/data=!3m1!1e3",,,
207,33.977413,74.961844,"https://www.google.com/maps/@33.977413,74.961844,16z/data=!3m1!1e3",,,
208,33.983557,74.957125,"https://www.google.com/maps/@33.983557,74.957125,16z/data=!3m1!1e3",,,
209,33.870067,74.959348,"https://www.google.com/maps/@33.870067,74.959348,16z/data=!3m1!1e3",,,
210,33.863069,74.956617,"https://www.google.com/maps/@33.863069,74.956617,16z/data=!3m1!1e3",,,
211,34.038924,75.068223,"https://www.google.com/maps/@34.038924,75.068223,16z/data=!3m1!1e3",,,
212,34.030101,74.947622,"https://www.google.com/maps/@34.030101,74.947622,16z/data=!3m1!1e3",,,
213,33.966138,74.984193,"https://www.google.com/maps/@33.966138,74.984193,16z/data=!3m1!1e3",,,
214,33.925688,74.959809,"https://www.google.com/maps/@33.925688,74.959809,16z/data=!3m1!1e3",,,
215,33.965768,75.085224,"https://www.google.com/maps/@33.965768,75.085224,16z/data=!3m1!1e3",,,
216,34.00225,74.971755,"https://www.google.com/maps/@34.00225,74.971755,16z/data=!3m1!1e3",,,
217,33.939393,75.146055,"https://www.google.com/maps/@33.939393,75.146055,16z/data=!3m1!1e3",,,
218,33.868123,74.90139,"https://www.google.com/maps/@33.868123,74.90139,16z/data=!3m1!1e3",,,
219,33.981588,74.787783,"https://www.google.com/maps/@33.981588,74.787783,16z/data=!3m1!1e3",,,
220,33.883745,74.916725,"https://www.google.com/maps/@33.883745,74.916725,16z/data=!3m1!1e3",,,
221,33.930836,74.85557,"https://www.google.com/maps/@33.930836,74.85557,16z/data=!3m1!1e3",,,
222,33.992557,74.972857,"https://www.google.com/maps/@33.992557,74.972857,16z/data=!3m1!1e3",,,
223,33.868842,75.065642,"https://www.google.com/maps/@33.868842,75.065642,16z/data=!3m1!1e3",,,
224,33.966979,74.963913,"https://www.google.com/maps/@33.966979,74.963913,16z/data=!3m1!1e3",,,
225,33.980729,74.960703,"https://www.google.com/maps/@33.980729,74.960703,16z/data=!3m1!1e3",,,
226,33.981469,74.917745,"https://www.google.com/maps/@33.981469,74.917745,16z/data=!3m1!1e3",,,
227,33.924656,74.877074,"https://www.google.com/maps/@33.924656,74.877074,16z/data=!3m1!1e3",,,
228,33.857037,74.951907,"https://www.google.com/maps/@33.857037,74.951907,16z/data=!3m1!1e3",,,
229,33.857732,75.083463,"https://www.google.com/maps/@33.857732,75.083463,16z/data=!3m1!1e3",,,
230,33.935304,74.91958,"https://www.google.com/maps/@33.935304,74.91958,16z/data=!3m1!1e3",,,
231,33.927406,74.813446,"https://www.google.com/maps/@33.927406,74.813446,16z/data=!3m1!1e3",,,
232,33.905981,75.064882,"https://www.google.com/maps/@33.905981,75.064882,16z/data=!3m1!1e3",,,
233,33.99737,74.762292,"https://www.google.com/maps/@33.99737,74.762292,16z/data=!3m1!1e3",,,
234,33.911979,74.858735,"https://www.google.com/maps/@33.911979,74.858735,16z/data=!3m1!1e3",,,
235,33.979061,74.925125,"https://www.google.com/maps/@33.979061,74.925125,16z/data=!3m1!1e3",,,
236,33.885668,74.957415,"https://www.google.com/maps/@33.885668,74.957415,16z/data=!3m1!1e3",,,
237,33.926776,74.870538,"https://www.google.com/maps/@33.926776,74.870538,16z/data=!3m1!1e3",,,
238,33.900592,75.117294,"https://www.google.com/maps/@33.900592,75.117294,16z/data=!3m1!1e3",,,
239,33.934917,74.780225,"https://www.google.com/maps/@33.934917,74.780225,16z/data=!3m1!1e3",,,
240,33.973116,74.970224,"https://www.google.com/maps/@33.973116,74.970224,16z/data=!3m1!1e3",,,
241,33.87219,74.991264,"https://www.google.com/maps/@33.87219,74.991264,16z/data=!3m1!1e3",,,
242,34.061875,74.812511,"https://www.google.com/maps/@34.061875,74.812511,16z/data=!3m1!1e3",,,
243,33.986613,74.979666,"https://www.google.com/maps/@33.986613,74.979666,16z/data=!3m1!1e3",,,
244,33.982323,74.962682,"https://www.google.com/maps/@33.982323,74.962682,16z/data=!3m1!1e3",,,
245,33.874375,74.975324,"https://www.google.com/maps/@33.874375,74.975324,16z/data=!3m1!1e3",,,
246,33.947641,74.761178,"https://www.google.com/maps/@33.947641,74.761178,16z/data=!3m1!1e3",,,
247,33.941985,74.841221,"https://www.google.com/maps/@33.941985,74.841221,16z/data=!3m1!1e3",,,
248,34.145893,74.925633,"https://www.google.com/maps/@34.145893,74.925633,16z/data=!3m1!1e3",,,
249,33.97889,74.788327,"https://www.google.com/maps/@33.97889,74.788327,16z/data=!3m1!1e3",,,
250,33.856903,74.769831,"https://www.google.com/maps/@33.856903,74.769831,16z/data=!3m1!1e3",,,
251,33.873603,74.810792,"https://www.google.com/maps/@33.873603,74.810792,16z/data=!3m1!1e3",,,
252,34.02136,75.011867,"https://www.google.com/maps/@34.02136,75.011867,16z/data=!3m1!1e3",,,
253,33.889455,74.879493,"https://www.google.com/maps/@33.889455,74.879493,16z/data=!3m1!1e3",,,
254,33.990727,75.036175,"https://www.google.com/maps/@33.990727,75.036175,16z/data=!3m1!1e3",,,
255,33.90248,74.828101,"https://www.google.com/maps/@33.90248,74.828101,16z/data=!3m1!1e3",,,
256,33.929813,74.828202,"https://www.google.com/maps/@33.929813,74.828202,16z/data=!3m1!1e3",,,
257,34.010652,74.776751,"https://www.google.com/maps/@34.010652,74.776751,16z/data=!3m1!1e3",,,
258,34.107216,74.899222,"https://www.google.com/maps/@34.107216,74.899222,16z/data=!3m1!1e3",,,
259,33.989663,74.929441,"https://www.google.com/maps/@33.989663,74.929441,16z/data=!3m1!1e3",,,
260,33.923948,75.095073,"https://www.google.com/maps/@33.923948,75.095073,16z/data=!3m1!1e3",,,
261,34.026218,74.801284,"https://www.google.com/maps/@34.026218,74.801284,16z/data=!3m1!1e3",,,
262,33.99534,74.77269,"https://www.google.com/maps/@33.99534,74.77269,16z/data=!3m1!1e3",,,
263,33.87685,74.881572,"https://www.google.com/maps/@33.87685,74.881572,16z/data=!3m1!1e3",,,
264,33.952954,75.094519,"https://www.google.com/maps/@33.952954,75.094519,16z/data=!3m1!1e3",,,
265,33.939709,75.128922,"https://www.google.com/maps/@33.939709,75.128922,16z/data=!3m1!1e3",,,
266,33.853471,74.944234,"https://www.google.com/maps/@33.853471,74.944234,16z/data=!3m1!1e3",,,
267,33.880819,74.810363,"https://www.google.com/maps/@33.880819,74.810363,16z/data=!3m1!1e3",,,
268,33.993435,74.758996,"https://www.google.com/maps/@33.993435,74.758996,16z/data=!3m1!1e3",,,
269,33.920821,74.865661,"https://www.google.com/maps/@33.920821,74.865661,16z/data=!3m1!1e3",,,
270,33.878218,74.860172,"https://www.google.com/maps/@33.878218,74.860172,16z/data=!3m1!1e3",,,
271,33.906987,75.055323,"https://www.google.com/maps/@33.906987,75.055323,16z/data=!3m1!1e3",,,
272,34.009682,74.789829,"https://www.google.com/maps/@34.009682,74.789829,16z/data=!3m1!1e3",,,
273,34.002731,74.950321,"https://www.google.com/maps/@34.002731,74.950321,16z/data=!3m1!1e3",,,
274,33.916233,74.869988,"https://www.google.com/maps/@33.916233,74.869988,16z/data=!3m1!1e3",,,
275,33.88325,74.833622,"https://www.google.com/maps/@33.88325,74.833622,16z/data=!3m1!1e3",,,
276,33.942021,74.761568,"https://www.google.com/maps/@33.942021,74.761568,16z/data=!3m1!1e3",,,
277,33.979669,74.977809,"https://www.google.com/maps/@33.979669,74.977809,16z/data=!3m1!1e3",,,
278,33.899149,74.772786,"https://www.google.com/maps/@33.899149,74.772786,16z/data=!3m1!1e3",,,
279,33.904935,75.027716,"https://www.google.com/maps/@33.904935,75.027716,16z/data=!3m1!1e3",,,
280,33.850941,74.964539,"https://www.google.com/maps/@33.850941,74.964539,16z/data=!3m1!1e3",,,
281,33.917189,75.088223,"https://www.google.com/maps/@33.917189,75.088223,16z/data=!3m1!1e3",,,
282,33.925166,74.849537,"https://www.google.com/maps/@33.925166,74.849537,16z/data=!3m1!1e3",,,
283,33.960039,74.795113,"https://www.google.com/maps/@33.960039,74.795113,16z/data=!3m1!1e3",,,
284,33.850733,74.783342,"https://www.google.com/maps/@33.850733,74.783342,16z/data=!3m1!1e3",,,
285,33.923097,75.084265,"https://www.google.com/maps/@33.923097,75.084265,16z/data=!3m1!1e3",,,
286,33.876754,75.059367,"https://www.google.com/maps/@33.876754,75.059367,16z/data=!3m1!1e3",,,
287,33.851315,74.84241,"https://www.google.com/maps/@33.851315,74.84241,16z/data=!3m1!1e3",,,
288,33.958399,75.001134,"https://www.google.com/maps/@33.958399,75.001134,16z/data=!3m1!1e3",,,
289,33.889485,74.838683,"https://www.google.com/maps/@33.889485,74.838683,16z/data=!3m1!1e3",,,
290,33.998432,75.005552,"https://www.google.com/maps/@33.998432,75.005552,16z/data=!3m1!1e3",,,
291,33.920969,75.027962,"https://www.google.com/maps/@33.920969,75.027962,16z/data=!3m1!1e3",,,
292,34.000572,74.799225,"https://www.google.com/maps/@34.000572,74.799225,16z/data=!3m1!1e3",,,
293,33.894778,74.889137,"https://www.google.com/maps/@33.894778,74.889137,16z/data=!3m1!1e3",,,
294,33.878011,74.954311,"https://www.google.com/maps/@33.878011,74.954311,16z/data=!3m1!1e3",,,
295,33.891005,75.095271,"https://www.google.com/maps/@33.891005,75.095271,16z/data=!3m1!1e3",,,
296,33.87277,74.86725,"https://www.google.com/maps/@33.87277,74.86725,16z/data=!3m1!1e3",,,
297,34.118991,74.822957,"https://www.google.com/maps/@34.118991,74.822957,16z/data=!3m1!1e3",,,
298,33.904255,75.00049,"https://www.google.com/maps/@33.904255,75.00049,16z/data=!3m1!1e3",,,
299,33.865852,74.952831,"https://www.google.com/maps/@33.865852,74.952831,16z/data=!3m1!1e3",,,
300,34.05125,74.912277,"https://www.google.com/maps/@34.05125,74.912277,16z/data=!3m1!1e3",,,
301,33.883225,74.810343,"https://www.google.com/maps/@33.883225,74.810343,16z/data=!3m1!1e3",,,
302,34.032327,74.991938,"https://www.google.com/maps/@34.032327,74.991938,16z/data=!3m1!1e3",,,
303,33.874621,74.863401,"https://www.google.com/maps/@33.874621,74.863401,16z/data=!3m1!1e3",,,
304,33.952369,75.118135,"https://www.google.com/maps/@33.952369,75.118135,16z/data=!3m1!1e3",,,
305,33.911522,74.882597,"https://www.google.com/maps/@33.911522,74.882597,16z/data=!3m1!1e3",,,
306,33.909007,74.850602,"https://www.google.com/maps/@33.909007,74.850602,16z/data=!3m1!1e3",,,
307,33.886648,74.874113,"https://www.google.com/maps/@33.886648,74.874113,16z/data=!3m1!1e3",,,
308,34.123557,74.845748,"https://www.google.com/maps/@34.123557,74.845748,16z/data=!3m1!1e3",,,
309,33.918652,75.07512,"https://www.google.com/maps/@33.918652,75.07512,16z/data=!3m1!1e3",,,
310,33.970884,74.893013,"https://www.google.com/maps/@33.970884,74.893013,16z/data=!3m1!1e3",,,
311,33.922173,74.751453,"https://www.google.com/maps/@33.922173,74.751453,16z/data=!3m1!1e3",,,
312,33.921166,74.792343,"https://www.google.com/maps/@33.921166,74.792343,16z/data=!3m1!1e3",,,
313,33.942865,74.836432,"https://www.google.com/maps/@33.942865,74.836432,16z/data=!3m1!1e3",,,
314,34.03296,74.958254,"https://www.google.com/maps/@34.03296,74.958254,16z/data=!3m1!1e3",,,
315,33.979932,74.971952,"https://www.google.com/maps/@33.979932,74.971952,16z/data=!3m1!1e3",,,
316,33.973722,74.793802,"https://www.google.com/maps/@33.973722,74.793802,16z/data=!3m1!1e3",,,
317,33.882073,74.903491,"https://www.google.com/maps/@33.882073,74.903491,16z/data=!3m1!1e3",,,
318,33.922137,75.062523,"https://www.google.com/maps/@33.922137,75.062523,16z/data=!3m1!1e3",,,
319,33.921401,74.866374,"https://www.google.com/maps/@33.921401,74.866374,16z/data=!3m1!1e3",,,
320,34.062425,74.946896,"https://www.google.com/maps/@34.062425,74.946896,16z/data=!3m1!1e3",,,
321,33.983271,74.979715,"https://www.google.com/maps/@33.983271,74.979715,16z/data=!3m1!1e3",,,
322,34.087745,74.768816,"https://www.google.com/maps/@34.087745,74.768816,16z/data=!3m1!1e3",,,
323,33.8509,74.955473,"https://www.google.com/maps/@33.8509,74.955473,16z/data=!3m1!1e3",,,
324,33.954682,74.963305,"https://www.google.com/maps/@33.954682,74.963305,16z/data=!3m1!1e3",,,
325,33.982367,74.802192,"https://www.google.com/maps/@33.982367,74.802192,16z/data=!3m1!1e3",,,
326,33.975723,75.093871,"https://www.google.com/maps/@33.975723,75.093871,16z/data=!3m1!1e3",,,
327,33.856174,75.084352,"https://www.google.com/maps/@33.856174,75.084352,16z/data=!3m1!1e3",,,
328,33.852338,74.942274,"https://www.google.com/maps/@33.852338,74.942274,16z/data=!3m1!1e3",,,
329,33.907334,74.877302,"https://www.google.com/maps/@33.907334,74.877302,16z/data=!3m1!1e3",,,
330,34.022903,74.945709,"https://www.google.com/maps/@34.022903,74.945709,16z/data=!3m1!1e3",,,
331,34.023698,75.085836,"https://www.google.com/maps/@34.023698,75.085836,16z/data=!3m1!1e3",,,
332,33.860641,74.901394,"https://www.google.com/maps/@33.860641,74.901394,16z/data=!3m1!1e3",,,
333,33.996378,74.973656,"https://www.google.com/maps/@33.996378,74.973656,16z/data=!3m1!1e3",,,
334,33.92754,74.849005,"https://www.google.com/maps/@33.92754,74.849005,16z/data=!3m1!1e3",,,
335,33.949068,74.778705,"https://www.google.com/maps/@33.949068,74.778705,16z/data=!3m1!1e3",,,
336,33.873133,74.853978,"https://www.google.com/maps/@33.873133,74.853978,16z/data=!3m1!1e3",,,
337,33.907923,75.091587,"https://www.google.com/maps/@33.907923,75.091587,16z/data=!3m1!1e3",,,
338,33.962705,74.804443,"https://www.google.com/maps/@33.962705,74.804443,16z/data=!3m1!1e3",,,
339,33.926918,74.930123,"https://www.google.com/maps/@33.926918,74.930123,16z/data=!3m1!1e3",,,
340,33.860394,74.86491,"https://www.google.com/maps/@33.860394,74.86491,16z/data=!3m1!1e3",,,
341,34.021407,74.947409,"https://www.google.com/maps/@34.021407,74.947409,16z/data=!3m1!1e3",,,
342,33.997169,74.760258,"https://www.google.com/maps/@33.997169,74.760258,16z/data=!3m1!1e3",,,
343,34.118062,74.835005,"https://www.google.com/maps/@34.118062,74.835005,16z/data=!3m1!1e3",,,
344,33.971248,74.774669,"https://www.google.com/maps/@33.971248,74.774669,16z/data=!3m1!1e3",,,
345,34.109229,74.900962,"https://www.google.com/maps/@34.109229,74.900962,16z/data=!3m1!1e3",,,
346,33.909046,75.106124,"https://www.google.com/maps/@33.909046,75.106124,16z/data=!3m1!1e3",,,
347,33.893975,74.801934,"https://www.google.com/maps/@33.893975,74.801934,16z/data=!3m1!1e3",,,
348,33.922191,74.795459,"https://www.google.com/maps/@33.922191,74.795459,16z/data=!3m1!1e3",,,
349,34.022397,75.082621,"https://www.google.com/maps/@34.022397,75.082621,16z/data=!3m1!1e3",,,
350,33.975088,74.752599,"https://www.google.com/maps/@33.975088,74.752599,16z/data=!3m1!1e3",,,
351,33.998322,74.780379,"https://www.google.com/maps/@33.998322,74.780379,16z/data=!3m1!1e3",,,
352,34.100545,74.766032,"https://www.google.com/maps/@34.100545,74.766032,16z/data=!3m1!1e3",,,
353,33.974422,74.950929,"https://www.google.com/maps/@33.974422,74.950929,16z/data=!3m1!1e3",,,
354,34.007661,74.974134,"https://www.google.com/maps/@34.007661,74.974134,16z/data=!3m1!1e3",,,
355,34.126403,74.772861,"https://www.google.com/maps/@34.126403,74.772861,16z/data=!3m1!1e3",,,
356,33.903038,74.841402,"https://www.google.com/maps/@33.903038,74.841402,16z/data=!3m1!1e3",,,
357,33.979162,74.931595,"https://www.google.com/maps/@33.979162,74.931595,16z/data=!3m1!1e3",,,
358,34.041674,74.786378,"https://www.google.com/maps/@34.041674,74.786378,16z/data=!3m1!1e3",,,
359,33.969913,74.970065,"https://www.google.com/maps/@33.969913,74.970065,16z/data=!3m1!1e3",,,
360,33.93316,74.860779,"https://www.google.com/maps/@33.93316,74.860779,16z/data=!3m1!1e3",,,
361,33.880393,74.960829,"https://www.google.com/maps/@33.880393,74.960829,16z/data=!3m1!1e3",,,
362,33.970056,75.103417,"https://www.google.com/maps/@33.970056,75.103417,16z/data=!3m1!1e3",,,
363,34.146497,74.839597,"https://www.google.com/maps/@34.146497,74.839597,16z/data=!3m1!1e3",,,
364,33.86601,74.890415,"https://www.google.com/maps/@33.86601,74.890415,16z/data=!3m1!1e3",,,
365,33.881262,74.882199,"https://www.google.com/maps/@33.881262,74.882199,16z/data=!3m1!1e3",,,
366,33.96922,74.950351,"https://www.google.com/maps/@33.96922,74.950351,16z/data=!3m1!1e3",,,
367,33.905762,74.79062,"https://www.google.com/maps/@33.905762,74.79062,16z/data=!3m1!1e3",,,
368,33.910841,75.053554,"https://www.google.com/maps/@33.910841,75.053554,16z/data=!3m1!1e3",,,
369,33.862622,74.941528,"https://www.google.com/maps/@33.862622,74.941528,16z/data=!3m1!1e3",,,
370,33.854865,75.080945,"https://www.google.com/maps/@33.854865,75.080945,16z/data=!3m1!1e3",,,
371,33.861888,75.085656,"https://www.google.com/maps/@33.861888,75.085656,16z/data=!3m1!1e3",,,
372,34.032659,74.769724,"https://www.google.com/maps/@34.032659,74.769724,16z/data=!3m1!1e3",,,
373,34.018266,74.96177,"https://www.google.com/maps/@34.018266,74.96177,16z/data=!3m1!1e3",,,
374,33.934729,74.81547,"https://www.google.com/maps/@33.934729,74.81547,16z/data=!3m1!1e3",,,
375,33.974849,74.823958,"https://www.google.com/maps/@33.974849,74.823958,16z/data=!3m1!1e3",,,
376,33.918661,74.828226,"https://www.google.com/maps/@33.918661,74.828226,16z/data=!3m1!1e3",,,
377,33.907541,75.007737,"https://www.google.com/maps/@33.907541,75.007737,16z/data=!3m1!1e3",,,
378,33.937669,75.125223,"https://www.google.com/maps/@33.937669,75.125223,16z/data=!3m1!1e3",,,
379,34.144762,74.826827,"https://www.google.com/maps/@34.144762,74.826827,16z/data=!3m1!1e3",,,
380,33.918738,74.851111,"https://www.google.com/maps/@33.918738,74.851111,16z/data=!3m1!1e3",,,
381,33.9894,74.959241,"https://www.google.com/maps/@33.9894,74.959241,16z/data=!3m1!1e3",,,
382,33.889226,74.954203,"https://www.google.com/maps/@33.889226,74.954203,16z/data=!3m1!1e3",,,
383,33.980278,74.976754,"https://www.google.com/maps/@33.980278,74.976754,16z/data=!3m1!1e3",,,
384,33.958083,74.922921,"https://www.google.com/maps/@33.958083,74.922921,16z/data=!3m1!1e3",,,
385,33.93659,74.865647,"https://www.google.com/maps/@33.93659,74.865647,16z/data=!3m1!1e3",,,
386,34.018403,75.073084,"https://www.google.com/maps/@34.018403,75.073084,16z/data=!3m1!1e3",,,
387,33.909823,75.074241,"https://www.google.com/maps/@33.909823,75.074241,16z/data=!3m1!1e3",,,
388,33.918882,74.80324,"https://www.google.com/maps/@33.918882,74.80324,16z/data=!3m1!1e3",,,
389,34.081793,74.859767,"https://www.google.com/maps/@34.081793,74.859767,16z/data=!3m1!1e3",,,
390,33.888412,74.969434,"https://www.google.com/maps/@33.888412,74.969434,16z/data=!3m1!1e3",,,
391,33.965721,74.975261,"https://www.google.com/maps/@33.965721,74.975261,16z/data=!3m1!1e3",,,
392,33.941289,74.801773,"https://www.google.com/maps/@33.941289,74.801773,16z/data=!3m1!1e3",,,
393,33.886747,74.865414,"https://www.google.com/maps/@33.886747,74.865414,16z/data=!3m1!1e3",,,
394,33.902346,74.834058,"https://www.google.com/maps/@33.902346,74.834058,16z/data=!3m1!1e3",,,
395,33.897655,75.083054,"https://www.google.com/maps/@33.897655,75.083054,16z/data=!3m1!1e3",,,
396,33.959614,75.110114,"https://www.google.com/maps/@33.959614,75.110114,16z/data=!3m1!1e3",,,
397,33.854423,74.941625,"https://www.google.com/maps/@33.854423,74.941625,16z/data=!3m1!1e3",,,
398,33.963792,74.807973,"https://www.google.com/maps/@33.963792,74.807973,16z/data=!3m1!1e3",,,
399,34.090805,74.80988,"https://www.google.com/maps/@34.090805,74.80988,16z/data=!3m1!1e3",,,
400,33.937723,74.978093,"https://www.google.com/maps/@33.937723,74.978093,16z/data=!3m1!1e3",,,
401,33.895831,75.111331,"https://www.google.com/maps/@33.895831,75.111331,16z/data=!3m1!1e3",,,
402,33.964563,74.97845,"https://www.google.com/maps/@33.964563,74.97845,16z/data=!3m1!1e3",,,
403,33.882716,75.054432,"https://www.google.com/maps/@33.882716,75.054432,16z/data=!3m1!1e3",,,
404,33.988217,74.971011,"https://www.google.com/maps/@33.988217,74.971011,16z/data=!3m1!1e3",,,
405,34.007475,74.973066,"https://www.google.com/maps/@34.007475,74.973066,16z/data=!3m1!1e3",,,
406,33.984913,74.961523,"https://www.google.com/maps/@33.984913,74.961523,16z/data=!3m1!1e3",,,
407,33.947421,75.128511,"https://www.google.com/maps/@33.947421,75.128511,16z/data=!3m1!1e3",,,
408,34.002621,74.938352,"https://www.google.com/maps/@34.002621,74.938352,16z/data=!3m1!1e3",,,
409,34.056163,74.87353,"https://www.google.com/maps/@34.056163,74.87353,16z/data=!3m1!1e3",,,
410,33.89557,74.762131,"https://www.google.com/maps/@33.89557,74.762131,16z/data=!3m1!1e3",,,
411,33.90616,75.006942,"https://www.google.com/maps/@33.90616,75.006942,16z/data=!3m1!1e3",,,
412,34.006902,74.940789,"https://www.google.com/maps/@34.006902,74.940789,16z/data=!3m1!1e3",,,
413,33.967055,74.956536,"https://www.google.com/maps/@33.967055,74.956536,16z/data=!3m1!1e3",,,
414,34.025611,74.899819,"https://www.google.com/maps/@34.025611,74.899819,16z/data=!3m1!1e3",,,
415,33.914051,75.018494,"https://www.google.com/maps/@33.914051,75.018494,16z/data=!3m1!1e3",,,
416,33.967499,74.779718,"https://www.google.com/maps/@33.967499,74.779718,16z/data=!3m1!1e3",,,
417,33.967057,74.771007,"https://www.google.com/maps/@33.967057,74.771007,16z/data=!3m1!1e3",,,
418,34.143697,74.913589,"https://www.google.com/maps/@34.143697,74.913589,16z/data=!3m1!1e3",,,
419,33.985872,74.967838,"https://www.google.com/maps/@33.985872,74.967838,16z/data=!3m1!1e3",,,
420,33.96871,74.974817,"https://www.google.com/maps/@33.96871,74.974817,16z/data=!3m1!1e3",,,
421,33.873552,74.905596,"https://www.google.com/maps/@33.873552,74.905596,16z/data=!3m1!1e3",,,
422,33.852222,74.894389,"https://www.google.com/maps/@33.852222,74.894389,16z/data=!3m1!1e3",,,
423,33.943155,75.093453,"https://www.google.com/maps/@33.943155,75.093453,16z/data=!3m1!1e3",,,
424,33.972111,74.947607,"https://www.google.com/maps/@33.972111,74.947607,16z/data=!3m1!1e3",,,
425,33.943162,74.75481,"https://www.google.com/maps/@33.943162,74.75481,16z/data=!3m1!1e3",,,
426,33.884379,74.962548,"https://www.google.com/maps/@33.884379,74.962548,16z/data=!3m1!1e3",,,
427,33.900937,74.814744,"https://www.google.com/maps/@33.900937,74.814744,16z/data=!3m1!1e3",,,
428,34.078903,74.862633,"https://www.google.com/maps/@34.078903,74.862633,16z/data=!3m1!1e3",,,
429,33.970207,74.856431,"https://www.google.com/maps/@33.970207,74.856431,16z/data=!3m1!1e3",,,
430,34.055423,74.93885,"https://www.google.com/maps/@34.055423,74.93885,16z/data=!3m1!1e3",,,
431,34.13842,74.77974,"https://www.google.com/maps/@34.13842,74.77974,16z/data=!3m1!1e3",,,
432,33.88085,74.985954,"https://www.google.com/maps/@33.88085,74.985954,16z/data=!3m1!1e3",,,
433,34.01861,74.78062,"https://www.google.com/maps/@34.01861,74.78062,16z/data=!3m1!1e3",,,
434,33.864405,74.809355,"https://www.google.com/maps/@33.864405,74.809355,16z/data=!3m1!1e3",,,
435,34.01523,74.876635,"https://www.google.com/maps/@34.01523,74.876635,16z/data=!3m1!1e3",,,
436,33.915063,74.937357,"https://www.google.com/maps/@33.915063,74.937357,16z/data=!3m1!1e3",,,
437,33.9893,74.767846,"https://www.google.com/maps/@33.9893,74.767846,16z/data=!3m1!1e3",,,
438,33.88317,74.96781,"https://www.google.com/maps/@33.88317,74.96781,16z/data=!3m1!1e3",,,
439,33.88533,74.965931,"https://www.google.com/maps/@33.88533,74.965931,16z/data=!3m1!1e3",,,
440,33.954423,75.108545,"https://www.google.com/maps/@33.954423,75.108545,16z/data=!3m1!1e3",,,
441,34.078331,74.968434,"https://www.google.com/maps/@34.078331,74.968434,16z/data=!3m1!1e3",,,
442,33.946079,75.007626,"https://www.google.com/maps/@33.946079,75.007626,16z/data=!3m1!1e3",,,
443,33.951276,74.838778,"https://www.google.com/maps/@33.951276,74.838778,16z/data=!3m1!1e3",,,
444,34.127601,74.930179,"https://www.google.com/maps/@34.127601,74.930179,16z/data=!3m1!1e3",,,
445,33.898111,74.962444,"https://www.google.com/maps/@33.898111,74.962444,16z/data=!3m1!1e3",,,
446,33.945897,74.836288,"https://www.google.com/maps/@33.945897,74.836288,16z/data=!3m1!1e3",,,
447,34.002617,74.751686,"https://www.google.com/maps/@34.002617,74.751686,16z/data=!3m1!1e3",,,
448,34.024392,74.995121,"https://www.google.com/maps/@34.024392,74.995121,16z/data=!3m1!1e3",,,
449,33.906749,74.850904,"https://www.google.com/maps/@33.906749,74.850904,16z/data=!3m1!1e3",,,
450,33.977268,74.796254,"https://www.google.com/maps/@33.977268,74.796254,16z/data=!3m1!1e3",,,
451,33.994445,74.76677,"https://www.google.com/maps/@33.994445,74.76677,16z/data=!3m1!1e3",,,
452,34.146786,74.835553,"https://www.google.com/maps/@34.146786,74.835553,16z/data=!3m1!1e3",,,
453,33.902582,74.99997,"https://www.google.com/maps/@33.902582,74.99997,16z/data=!3m1!1e3",,,
454,33.918075,75.035263,"https://www.google.com/maps/@33.918075,75.035263,16z/data=!3m1!1e3",,,
455,33.925033,74.843797,"https://www.google.com/maps/@33.925033,74.843797,16z/data=!3m1!1e3",,,
456,33.85626,74.991805,"https://www.google.com/maps/@33.85626,74.991805,16z/data=!3m1!1e3",,,
457,33.952841,74.987153,"https://www.google.com/maps/@33.952841,74.987153,16z/data=!3m1!1e3",,,
458,34.032487,74.937886,"https://www.google.com/maps/@34.032487,74.937886,16z/data=!3m1!1e3",,,
459,33.964051,74.752157,"https://www.google.com/maps/@33.964051,74.752157,16z/data=!3m1!1e3",,,
460,33.982343,74.794125,"https://www.google.com/maps/@33.982343,74.794125,16z/data=!3m1!1e3",,,
