terrace_id,cls,area_km2,scarp_frac,mean_elev,share_in_aoi,lat,lon,google_maps,first_pass_label,first_pass_confidence,first_pass_reason,my_label,notes
5,ambiguous,12.5,0.22,1712.63,0.84,33.93766,74.76883,"https://www.google.com/maps/@33.93766,74.76883,2500m/data=!3m1!1e3",karewa,medium,Dissected upland between scarp-cut fingers of the Budgam block; continuous with scarp-bounded tops. Terrain only.,,
13,ambiguous,5.88,0.28,1631.46,1.0,33.9878,74.98311,"https://www.google.com/maps/@33.9878,74.98311,2500m/data=!3m1!1e3",karewa,high,Continuation of the Pampore plateau toward the hill foot; imagery shows dry tilled brown fields at Dussu/Ladhu (saffron villages).,,
14,ambiguous,5.71,0.29,1677.69,1.0,33.9175,75.07134,"https://www.google.com/maps/@33.9175,75.07134,2500m/data=!3m1!1e3",karewa,medium,Plateau with arcuate scarps on S and W near Tral; imagery shows orchards and dry fields.,,
21,ambiguous,2.0,0.24,1759.74,1.0,33.95734,75.10889,"https://www.google.com/maps/@33.95734,75.10889,2500m/data=!3m1!1e3",unsure,low,"Wedge at the mountain foot, looks fan-like on the DEM; imagery did not load.",,
29,ambiguous,1.46,0.29,1620.89,0.05,34.15399,74.8847,"https://www.google.com/maps/@34.15399,74.8847,2500m/data=!3m1!1e3",not_karewa,medium,"Foothill apron at Shalimar/Harwan (built-up, SKUAST campus); only 5% inside the study box.",,
30,ambiguous,1.32,0.24,1618.22,1.0,33.9068,74.87515,"https://www.google.com/maps/@33.9068,74.87515,2500m/data=!3m1!1e3",unsure,low,Narrow bench beside a braided river below the main scarp; may be a river terrace rather than karewa top.,,
48,ambiguous,0.71,0.3,1665.21,1.0,33.8872,75.09427,"https://www.google.com/maps/@33.8872,75.09427,2500m/data=!3m1!1e3",unsure,low,Bench at the mountain foot; no clear scarp set.,,
51,ambiguous,0.6,0.22,1605.75,1.0,34.03115,74.90917,"https://www.google.com/maps/@34.03115,74.90917,2500m/data=!3m1!1e3",unsure,low,"Low rise in the floodplain at Pampore town, now built-up (transport yard, mill). Could be a karewa remnant.",,
57,ambiguous,0.4,0.24,1932.99,1.0,34.03177,75.07493,"https://www.google.com/maps/@34.03177,75.07493,2500m/data=!3m1!1e3",not_karewa,high,Valley floor inside the mountains at ~1930 m.,,
59,ambiguous,0.37,0.34,1651.74,1.0,33.92528,75.01989,"https://www.google.com/maps/@33.92528,75.01989,2500m/data=!3m1!1e3",unsure,low,Narrow strip at the foot of a spur.,,
62,ambiguous,0.34,0.25,1754.83,0.81,33.91437,74.75552,"https://www.google.com/maps/@33.91437,74.75552,2500m/data=!3m1!1e3",karewa,low,Small flat on the dissected Budgam upland.,,
66,ambiguous,0.29,0.38,1661.67,1.0,33.92826,74.79546,"https://www.google.com/maps/@33.92826,74.79546,2500m/data=!3m1!1e3",karewa,medium,Flat between scarp-cut fingers of the SW block.,,
69,ambiguous,0.21,0.39,1605.52,1.0,34.10787,74.82096,"https://www.google.com/maps/@34.10787,74.82096,2500m/data=!3m1!1e3",not_karewa,high,"Apron around the isolated Hari Parbat hill in Srinagar (bedrock hill, urban).",,
81,ambiguous,0.12,0.36,1778.02,1.0,34.13113,74.93529,"https://www.google.com/maps/@34.13113,74.93529,2500m/data=!3m1!1e3",not_karewa,high,Valley floor inside the mountains (~1780 m).,,
83,ambiguous,0.12,0.2,1618.17,1.0,33.95159,74.83931,"https://www.google.com/maps/@33.95159,74.83931,2500m/data=!3m1!1e3",unsure,low,Small low bench north of the SW block.,,
89,ambiguous,0.1,0.21,1620.0,1.0,34.10456,74.88418,"https://www.google.com/maps/@34.10456,74.88418,2500m/data=!3m1!1e3",not_karewa,medium,Foot of a bedrock ridge on the east side of Srinagar.,,
91,ambiguous,0.1,0.29,1740.03,1.0,34.14167,74.9293,"https://www.google.com/maps/@34.14167,74.9293,2500m/data=!3m1!1e3",not_karewa,high,Valley floor inside the mountains (~1740 m).,,
92,ambiguous,0.1,0.24,1667.96,1.0,33.92717,75.10449,"https://www.google.com/maps/@33.92717,75.10449,2500m/data=!3m1!1e3",not_karewa,medium,Small patch within the Tral valley fill.,,
101,ambiguous,0.09,0.29,1693.59,1.0,33.85375,75.09496,"https://www.google.com/maps/@33.85375,75.09496,2500m/data=!3m1!1e3",karewa,medium,Small flat on a scarp-cut plateau edge in the SE.,,
108,ambiguous,0.07,0.28,1635.27,1.0,33.94602,74.8386,"https://www.google.com/maps/@33.94602,74.8386,2500m/data=!3m1!1e3",karewa,medium,"Tip of the SW block, scarp on two sides.",,
109,ambiguous,0.07,0.32,1627.55,1.0,33.90128,75.04561,"https://www.google.com/maps/@33.90128,75.04561,2500m/data=!3m1!1e3",karewa,medium,Remnant beside the scarp of the Tral-side plateau.,,
116,ambiguous,0.07,0.32,1727.31,1.0,33.9525,75.10104,"https://www.google.com/maps/@33.9525,75.10104,2500m/data=!3m1!1e3",unsure,low,Small flat on a valley-side slope.,,
117,ambiguous,0.07,0.34,1628.76,1.0,33.86177,74.94043,"https://www.google.com/maps/@33.86177,74.94043,2500m/data=!3m1!1e3",unsure,low,Low bench at the foot of the triangular plateau scarp.,,
124,ambiguous,0.06,0.4,1689.61,1.0,34.02052,75.0237,"https://www.google.com/maps/@34.02052,75.0237,2500m/data=!3m1!1e3",not_karewa,low,Small flat at the mountain foot.,,
1,rejected,53.66,0.05,1776.6,0.0,33.807,74.93698,"https://www.google.com/maps/@33.807,74.93698,2500m/data=!3m1!1e3",unsure,low,Entirely outside the study box (Shopian side); large sloping dissected surface.,,
2,rejected,44.76,0.11,1729.88,0.51,33.85176,74.8549,"https://www.google.com/maps/@33.85176,74.8549,2500m/data=!3m1!1e3",not_karewa,medium,Smooth sloping surface with braided channels and no scarps: alluvial fan (Rambiara).,,
7,rejected,9.01,0.16,1824.82,0.0,33.94724,74.71196,"https://www.google.com/maps/@33.94724,74.71196,2500m/data=!3m1!1e3",unsure,low,Entirely outside the study box; Pir Panjal piedmont upland.,,
9,rejected,7.44,0.12,1749.4,1.0,33.93686,75.11832,"https://www.google.com/maps/@33.93686,75.11832,2500m/data=!3m1!1e3",not_karewa,medium,Sloping valley fill / fan in the Tral valley.,,
15,rejected,5.31,0.0,1652.0,1.0,33.9244,75.09068,"https://www.google.com/maps/@33.9244,75.09068,2500m/data=!3m1!1e3",not_karewa,high,Valley floor with no scarps (scarp share 0.00).,,
16,rejected,4.59,0.14,1650.36,0.96,33.97013,74.76613,"https://www.google.com/maps/@33.97013,74.76613,2500m/data=!3m1!1e3",unsure,low,Gently sloping surface below the airport plateau; could be a lower karewa surface.,,
17,rejected,4.29,0.12,1607.04,0.08,34.15902,74.8347,"https://www.google.com/maps/@34.15902,74.8347,2500m/data=!3m1!1e3",not_karewa,medium,"Lobe in the plain north of Srinagar, mostly outside the box: fan/delta lobe.",,
18,rejected,3.18,0.08,1712.87,1.0,33.91891,75.13021,"https://www.google.com/maps/@33.91891,75.13021,2500m/data=!3m1!1e3",not_karewa,medium,Valley-side slope on the east of the Tral valley.,,
19,rejected,2.84,0.05,1696.79,0.98,33.86992,74.84179,"https://www.google.com/maps/@33.86992,74.84179,2500m/data=!3m1!1e3",unsure,low,"Strip along the foot of the SW block, grading into the fan.",,
23,rejected,1.8,0.01,1708.18,1.0,34.02803,75.01803,"https://www.google.com/maps/@34.02803,75.01803,2500m/data=!3m1!1e3",not_karewa,medium,Fan with its apex at a mountain valley mouth.,,
24,rejected,1.79,0.0,1620.97,1.0,33.88696,74.90947,"https://www.google.com/maps/@33.88696,74.90947,2500m/data=!3m1!1e3",not_karewa,medium,"Distal fan surface in the plain, no scarps.",,
25,rejected,1.65,0.12,1749.34,1.0,33.96632,75.08825,"https://www.google.com/maps/@33.96632,75.08825,2500m/data=!3m1!1e3",not_karewa,high,Fan inside a mountain valley.,,
27,rejected,1.56,0.05,1659.75,1.0,33.93139,74.78339,"https://www.google.com/maps/@33.93139,74.78339,2500m/data=!3m1!1e3",unsure,low,Low ground between the karewa fingers.,,
33,rejected,1.1,0.12,1650.58,1.0,34.00162,75.01075,"https://www.google.com/maps/@34.00162,75.01075,2500m/data=!3m1!1e3",unsure,low,Hill-foot surface adjoining polygon 13.,,
34,rejected,1.09,0.2,1623.04,1.0,34.03457,74.96389,"https://www.google.com/maps/@34.03457,74.96389,2500m/data=!3m1!1e3",unsure,low,Zewan area at the hill foot; small-scale relief; could include karewa remnants.,,
