bare_below,veg_at_least,years_required,terraces_ha,terraces_pct,other_flat_pct,rest_pct,ratio_vs_other_flat,share_on_terraces_5_and_3
0.2,0.25,3 of 3,40.5,0.445,0.031,0.2,14.303,0.949
0.2,0.25,2 of 3,77.58,0.852,0.121,0.678,7.032,0.886
0.2,0.3,3 of 3,38.07,0.418,0.012,0.14,35.446,0.981
0.2,0.3,2 of 3,73.44,0.807,0.055,0.539,14.748,0.92
0.2,0.35,3 of 3,37.17,0.408,0.008,0.098,54.384,0.985
0.2,0.35,2 of 3,71.1,0.781,0.033,0.442,23.49,0.934
0.2,0.4,3 of 3,36.81,0.404,0.006,0.073,62.834,0.993
0.2,0.4,2 of 3,68.67,0.755,0.028,0.366,27.05,0.948
0.25,0.3,3 of 3,91.08,1.001,0.101,0.348,9.924,0.971
0.25,0.3,2 of 3,125.37,1.378,0.337,1.005,4.089,0.884
0.25,0.35,3 of 3,88.92,0.977,0.072,0.249,13.593,0.978
0.25,0.35,2 of 3,118.17,1.298,0.201,0.781,6.472,0.909
0.25,0.4,3 of 3,87.48,0.961,0.06,0.188,15.999,0.987
0.25,0.4,2 of 3,113.76,1.25,0.156,0.629,8.035,0.924
0.25,0.45,3 of 3,86.13,0.946,0.051,0.144,18.378,0.994
0.25,0.45,2 of 3,110.07,1.209,0.131,0.519,9.24,0.93
0.3,0.35,3 of 3,108.99,1.198,0.233,0.487,5.144,0.93
0.3,0.35,2 of 3,150.84,1.657,0.633,1.351,2.618,0.801
0.3,0.4,3 of 3,104.94,1.153,0.167,0.351,6.89,0.955
0.3,0.4,2 of 3,140.13,1.54,0.408,1.01,3.777,0.841
0.3,0.45,3 of 3,101.97,1.12,0.133,0.264,8.422,0.971
0.3,0.45,2 of 3,131.76,1.448,0.295,0.799,4.907,0.864
0.3,0.5,3 of 3,94.59,1.039,0.118,0.2,8.807,0.979
0.3,0.5,2 of 3,123.57,1.358,0.233,0.635,5.832,0.889
