terrace_id,area_km2,scarp_frac,veg_to_bare_ha,veg_to_bare_pct
5,6.764,0.624,76.05,11.243
3,10.091,0.723,10.89,1.079
2,13.438,0.65,1.35,0.1
1,14.458,0.649,0.45,0.031
21,0.54,0.475,0.18,0.333
6,6.397,0.479,0.0,0.0
7,5.881,0.282,0.0,0.0
8,5.711,0.289,0.0,0.0
4,7.72,0.529,0.0,0.0
9,2.718,0.479,0.0,0.0
10,1.873,0.814,0.0,0.0
12,1.486,0.645,0.0,0.0
11,1.63,0.756,0.0,0.0
14,1.173,0.528,0.0,0.0
15,0.912,0.785,0.0,0.0
16,0.892,0.763,0.0,0.0
13,1.268,0.724,0.0,0.0
17,0.858,0.712,0.0,0.0
18,0.842,0.743,0.0,0.0
19,0.75,0.466,0.0,0.0
20,0.708,0.297,0.0,0.0
22,0.462,0.743,0.0,0.0
23,0.419,0.602,0.0,0.0
24,0.367,0.344,0.0,0.0
25,0.293,0.377,0.0,0.0
26,0.276,0.255,0.0,0.0
27,0.201,0.508,0.0,0.0
28,0.195,0.689,0.0,0.0
29,0.191,0.594,0.0,0.0
30,0.144,0.485,0.0,0.0
31,0.139,0.833,0.0,0.0
32,0.128,0.525,0.0,0.0
33,0.119,0.571,0.0,0.0
34,0.112,0.67,0.0,0.0
35,0.105,0.786,0.0,0.0
36,0.095,0.656,0.0,0.0
37,0.093,0.55,0.0,0.0
38,0.09,0.725,0.0,0.0
39,0.089,0.502,0.0,0.0
40,0.087,0.803,0.0,0.0
41,0.086,0.288,0.0,0.0
42,0.084,0.679,0.0,0.0
43,0.081,0.473,0.0,0.0
44,0.078,0.495,0.0,0.0
45,0.074,0.278,0.0,0.0
46,0.074,0.316,0.0,0.0
47,0.074,0.716,0.0,0.0
48,0.073,0.737,0.0,0.0
49,0.072,0.794,0.0,0.0
50,0.07,0.649,0.0,0.0
51,0.066,0.697,0.0,0.0
52,0.066,0.323,0.0,0.0
53,0.066,0.338,0.0,0.0
54,0.065,0.818,0.0,0.0
55,0.065,0.457,0.0,0.0
56,0.062,0.747,0.0,0.0
57,0.06,0.771,0.0,0.0
