series,early,late,stratum,stratum_km2,veg_to_bare_ha,veg_to_bare_pct,bare_to_veg_ha,persistent_bare_early_ha,persistent_bare_late_ha
Landsat 8/9 only,2013-2014-2015,2023-2024-2025,terraces,91.005,88.92,0.977,0.81,45.0,165.33
Landsat 8/9 only,2013-2014-2015,2023-2024-2025,other_flat,83.885,6.03,0.072,2.25,68.22,102.24
Landsat 8/9 only,2013-2014-2015,2023-2024-2025,rest,1058.874,263.25,0.249,33.12,2297.43,3635.91
Landsat 8/9 only,2013-2014-2015,2019-2020-2021,terraces,91.005,62.19,0.683,0.18,45.0,138.42
Landsat 8/9 only,2013-2014-2015,2019-2020-2021,other_flat,83.885,0.18,0.002,0.54,68.22,58.41
Landsat 8/9 only,2013-2014-2015,2019-2020-2021,rest,1058.874,61.38,0.058,23.4,2297.43,2548.71
Landsat 7 only,2013-2014-2015,2019-2020-2021,terraces,91.005,64.44,0.708,1.08,80.1,137.34
Landsat 7 only,2013-2014-2015,2019-2020-2021,other_flat,83.885,0.36,0.004,1.53,107.19,72.45
Landsat 7 only,2013-2014-2015,2019-2020-2021,rest,1058.874,47.16,0.045,45.36,3297.87,3372.21
Landsat harmonised,2013-2014-2015,2023-2024-2025,terraces,91.005,64.8,0.712,0.54,37.62,113.4
Landsat harmonised,2013-2014-2015,2023-2024-2025,other_flat,83.885,1.35,0.016,0.09,46.98,53.37
Landsat harmonised,2013-2014-2015,2023-2024-2025,rest,1058.874,98.37,0.093,15.03,1541.07,1635.75
Landsat harmonised,2003-2004-2005,2023-2024-2025,terraces,91.005,70.83,0.778,21.51,64.89,113.4
Landsat harmonised,2003-2004-2005,2023-2024-2025,other_flat,83.885,5.49,0.065,9.18,69.66,53.37
Landsat harmonised,2003-2004-2005,2023-2024-2025,rest,1058.874,141.57,0.134,580.5,3068.55,1635.75
Landsat harmonised,1993-1994-1996,2023-2024-2025,terraces,91.005,87.21,0.958,14.58,50.49,113.4
Landsat harmonised,1993-1994-1996,2023-2024-2025,other_flat,83.885,12.24,0.146,14.85,64.8,53.37
Landsat harmonised,1993-1994-1996,2023-2024-2025,rest,1058.874,174.6,0.165,1116.18,3012.75,1635.75
