geology,where,area_km2,vegetated_2013_15_km2,converted_ha,converted_pct_of_vegetated
karewa_formation,inside_v2_terraces,63.904,61.739,84.15,1.363
karewa_formation,outside_v2_terraces,207.453,194.436,36.72,0.189
reworked_karewa,inside_v2_terraces,0.106,0.106,0.18,1.695
reworked_karewa,outside_v2_terraces,51.444,47.299,6.84,0.145
alluvium,inside_v2_terraces,16.484,15.763,0.18,0.011
alluvium,outside_v2_terraces,360.433,319.765,62.19,0.194
unmapped,inside_v2_terraces,10.511,10.169,4.41,0.434
unmapped,outside_v2_terraces,162.006,144.716,74.16,0.512
above_2000m,,338.504,307.509,8.55,0.028
