cluster,converted_ha,lat,lon,mean_elev_m,mean_slope_deg,on_v2_terrace,on_other_flat,karewa_formation,reworked_karewa,alluvium,unmapped,km_from_west_edge,google_maps
1,84.69,33.94,74.85,1660.42,2.01,0.9,0.0,0.96,0.0,0.0,0.04,8.88,"https://www.google.com/maps/@33.94470,74.84555,16z/data=!3m1!1e3"
2,37.44,33.94,75.02,1813.26,11.39,0.0,0.0,0.0,0.0,0.0,1.0,25.15,"https://www.google.com/maps/@33.94127,75.02168,16z/data=!3m1!1e3"
3,12.87,34.11,74.87,1583.0,0.11,0.0,0.0,0.0,0.0,0.0,0.08,11.46,"https://www.google.com/maps/@34.10928,74.87327,16z/data=!3m1!1e3"
4,12.78,34.1,74.87,1583.0,0.02,0.0,0.0,0.0,0.0,0.0,0.04,10.96,"https://www.google.com/maps/@34.10170,74.86779,16z/data=!3m1!1e3"
5,11.79,34.13,74.85,1582.5,0.0,0.0,0.0,0.04,0.0,0.0,0.05,9.19,"https://www.google.com/maps/@34.12920,74.84857,16z/data=!3m1!1e3"
6,10.08,33.95,74.86,1636.26,6.82,0.0,0.0,0.84,0.0,0.09,0.07,10.05,"https://www.google.com/maps/@33.95232,74.85826,16z/data=!3m1!1e3"
7,9.36,33.93,74.85,1671.02,1.87,0.9,0.0,0.98,0.0,0.0,0.02,9.23,"https://www.google.com/maps/@33.93405,74.84939,16z/data=!3m1!1e3"
8,8.1,34.12,74.88,1582.77,0.03,0.0,0.0,0.0,0.0,0.0,0.16,11.69,"https://www.google.com/maps/@34.11927,74.87572,16z/data=!3m1!1e3"
9,7.02,34.01,74.94,1585.1,0.31,0.0,0.0,0.4,0.0,0.6,0.0,17.39,"https://www.google.com/maps/@34.01284,74.93767,16z/data=!3m1!1e3"
10,6.93,34.14,74.86,1582.5,0.07,0.0,0.0,0.0,0.0,0.0,0.29,10.33,"https://www.google.com/maps/@34.13930,74.86095,16z/data=!3m1!1e3"
11,6.39,34.04,74.97,1738.33,16.63,0.0,0.0,0.0,0.0,0.79,0.21,20.67,"https://www.google.com/maps/@34.04223,74.97316,16z/data=!3m1!1e3"
12,5.85,34.09,74.98,2229.85,36.84,0.0,0.0,0.0,0.0,0.0,1.0,20.89,"https://www.google.com/maps/@34.08544,74.97550,16z/data=!3m1!1e3"
13,5.76,33.95,74.87,1627.21,7.09,0.02,0.0,0.0,0.0,0.91,0.09,10.69,"https://www.google.com/maps/@33.95162,74.86516,16z/data=!3m1!1e3"
14,5.67,34.13,74.87,1582.62,0.5,0.0,0.0,0.02,0.0,0.0,0.06,11.34,"https://www.google.com/maps/@34.13134,74.87191,16z/data=!3m1!1e3"
15,4.77,34.0,74.92,1589.57,2.63,0.0,0.0,0.19,0.0,0.0,0.02,15.35,"https://www.google.com/maps/@33.99836,74.91556,16z/data=!3m1!1e3"
16,2.52,33.9,75.01,1588.84,1.25,0.0,0.0,0.0,0.0,0.0,0.04,24.19,"https://www.google.com/maps/@33.90475,75.01123,16z/data=!3m1!1e3"
17,2.52,33.93,75.0,1588.43,3.21,0.0,0.0,0.04,0.0,0.0,0.0,22.96,"https://www.google.com/maps/@33.93079,74.99789,16z/data=!3m1!1e3"
18,2.25,34.06,75.01,1966.63,19.49,0.0,0.0,0.0,0.0,0.0,1.0,24.36,"https://www.google.com/maps/@34.05687,75.01316,16z/data=!3m1!1e3"
19,2.16,34.14,74.85,1582.5,0.0,0.0,0.0,0.08,0.0,0.0,0.42,9.65,"https://www.google.com/maps/@34.13672,74.85357,16z/data=!3m1!1e3"
20,2.16,34.11,74.77,1581.0,0.88,0.0,0.0,0.0,0.0,0.0,0.21,1.71,"https://www.google.com/maps/@34.10752,74.76758,16z/data=!3m1!1e3"
21,2.07,34.04,75.03,1869.95,26.0,0.0,0.0,0.0,0.0,1.0,0.0,26.28,"https://www.google.com/maps/@34.03943,75.03387,16z/data=!3m1!1e3"
22,2.07,33.86,75.04,1589.08,5.4,0.0,0.0,0.39,0.0,0.0,0.48,27.32,"https://www.google.com/maps/@33.85531,75.04504,16z/data=!3m1!1e3"
